学生ID,姓名,风险等级,风险概率,行为模式,风险因素
S0694,赵杰,高风险,1.0,高风险行为,"挂科门数过多, 出勤率过低, 缺勤次数过多, 选课数量过多"
S0834,徐丽,高风险,1.0,高风险行为,"挂科门数过多, 出勤率过低, 缺勤次数过多, 选课数量过多"
S0391,陈秀英,高风险,1.0,高风险行为,"挂科门数过多, 出勤率过低, 缺勤次数过多, 选课数量过多"
S0390,刘涛,高风险,1.0,高风险行为,"挂科门数过多, 出勤率过低, 缺勤次数过多, 选课数量过多"
S0389,高洋,高风险,1.0,高风险行为,"挂科门数过多, 出勤率过低, 缺勤次数过多, 选课数量过多"
S0388,陈杰,高风险,1.0,高风险行为,"挂科门数过多, 出勤率过低, 缺勤次数过多, 选课数量过多"
S0727,吴明,高风险,1.0,高风险行为,"挂科门数过多, 出勤率过低, 缺勤次数过多, 选课数量过多"
S0386,马洋,高风险,1.0,高风险行为,"挂科门数过多, 出勤率过低, 缺勤次数过多, 选课数量过多"
S0836,高平,高风险,1.0,高风险行为,"挂科门数过多, 出勤率过低, 缺勤次数过多, 选课数量过多"
S0837,李涛,高风险,1.0,高风险行为,"挂科门数过多, 出勤率过低, 缺勤次数过多, 选课数量过多"
S0383,郭军,高风险,1.0,高风险行为,"挂科门数过多, 出勤率过低, 缺勤次数过多, 选课数量过多"
S0382,杨明,高风险,1.0,高风险行为,"挂科门数过多, 出勤率过低, 缺勤次数过多, 选课数量过多"
S0381,徐强,高风险,1.0,高风险行为,"挂科门数过多, 出勤率过低, 缺勤次数过多, 选课数量过多"
S0380,吴娟,高风险,1.0,高风险行为,"挂科门数过多, 出勤率过低, 缺勤次数过多"
S0379,林勇,高风险,1.0,高风险行为,"挂科门数过多, 出勤率过低, 缺勤次数过多"
S0378,张娜,高风险,1.0,高风险行为,"挂科门数过多, 出勤率过低, 缺勤次数过多, 选课数量过多"
S0620,马平,高风险,1.0,高风险行为,"挂科门数过多, 出勤率过低, 缺勤次数过多, 选课数量过多"
S0621,朱军,高风险,1.0,高风险行为,"挂科门数过多, 出勤率过低, 缺勤次数过多, 选课数量过多"
S0726,陈静,高风险,1.0,高风险行为,"挂科门数过多, 出勤率过低, 缺勤次数过多, 选课数量过多"
S0363,林军,高风险,1.0,高风险行为,"挂科门数过多, 出勤率过低, 缺勤次数过多, 选课数量过多"
S0364,罗伟,高风险,1.0,高风险行为,"挂科门数过多, 出勤率过低, 缺勤次数过多, 选课数量过多"
S0843,何霞,高风险,1.0,高风险行为,"挂科门数过多, 出勤率过低, 缺勤次数过多, 选课数量过多"
S0366,朱静,高风险,1.0,高风险行为,"挂科门数过多, 出勤率过低, 缺勤次数过多"
S0367,刘强,高风险,1.0,高风险行为,"挂科门数过多, 出勤率过低, 缺勤次数过多"
S0728,吴磊,高风险,1.0,高风险行为,"挂科门数过多, 出勤率过低, 缺勤次数过多, 选课数量过多"
S0842,周霞,高风险,1.0,高风险行为,"挂科门数过多, 出勤率过低, 缺勤次数过多, 选课数量过多"
S0370,吴军,高风险,1.0,高风险行为,"挂科门数过多, 出勤率过低, 缺勤次数过多, 选课数量过多"
S0371,林芳,高风险,1.0,高风险行为,"挂科门数过多, 出勤率过低, 缺勤次数过多, 选课数量过多"
S0372,徐磊,高风险,1.0,高风险行为,"挂科门数过多, 出勤率过低, 缺勤次数过多, 选课数量过多"
S0841,何敏,高风险,1.0,高风险行为,"挂科门数过多, 出勤率过低, 缺勤次数过多, 选课数量过多"
S0374,孙超,高风险,1.0,高风险行为,"挂科门数过多, 出勤率过低, 缺勤次数过多, 选课数量过多"
S0840,王伟,高风险,1.0,高风险行为,"挂科门数过多, 出勤率过低, 缺勤次数过多, 选课数量过多"
S0369,张磊,高风险,1.0,高风险行为,"挂科门数过多, 出勤率过低, 缺勤次数过多, 选课数量过多"
S0394,胡超,高风险,1.0,高风险行为,"挂科门数过多, 出勤率过低, 缺勤次数过多, 选课数量过多"
S0395,周明,高风险,1.0,高风险行为,"挂科门数过多, 出勤率过低, 缺勤次数过多, 选课数量过多"
S0396,陈平,高风险,1.0,高风险行为,"挂科门数过多, 出勤率过低, 缺勤次数过多, 选课数量过多"
S0824,高勇,高风险,1.0,高风险行为,"挂科门数过多, 出勤率过低, 缺勤次数过多, 选课数量过多"
S0614,郭娟,高风险,1.0,高风险行为,"挂科门数过多, 出勤率过低, 缺勤次数过多, 选课数量过多"
S0822,朱涛,高风险,1.0,高风险行为,"挂科门数过多, 出勤率过低, 缺勤次数过多, 选课数量过多"
S0613,吴秀英,高风险,1.0,高风险行为,"挂科门数过多, 出勤率过低, 缺勤次数过多, 选课数量过多"
S0820,王娜,高风险,1.0,高风险行为,"挂科门数过多, 出勤率过低, 缺勤次数过多, 选课数量过多"
S0819,孙秀英,高风险,1.0,高风险行为,"挂科门数过多, 出勤率过低, 缺勤次数过多, 选课数量过多"
S0825,郭明,高风险,1.0,高风险行为,"挂科门数过多, 出勤率过低, 缺勤次数过多, 选课数量过多"
S0818,陈洋,高风险,1.0,高风险行为,"挂科门数过多, 出勤率过低, 缺勤次数过多, 选课数量过多"
S0423,陈勇,高风险,1.0,高风险行为,"挂科门数过多, 出勤率过低, 缺勤次数过多, 选课数量过多"
S0424,黄艳,高风险,1.0,高风险行为,"挂科门数过多, 出勤率过低, 缺勤次数过多, 选课数量过多"
S0425,马杰,高风险,1.0,高风险行为,"挂科门数过多, 出勤率过低, 缺勤次数过多, 选课数量过多"
S0817,胡涛,高风险,1.0,高风险行为,"挂科门数过多, 出勤率过低, 缺勤次数过多"
S0816,何娜,高风险,1.0,高风险行为,"挂科门数过多, 出勤率过低, 缺勤次数过多, 选课数量过多"
S0612,黄明,高风险,1.0,高风险行为,"挂科门数过多, 出勤率过低, 缺勤次数过多, 选课数量过多"
S0422,李超,高风险,1.0,高风险行为,"挂科门数过多, 出勤率过低, 缺勤次数过多, 选课数量过多"
S0623,周娜,高风险,1.0,高风险行为,"挂科门数过多, 出勤率过低, 缺勤次数过多, 选课数量过多"
S0615,孙霞,高风险,1.0,高风险行为,"挂科门数过多, 出勤率过低, 缺勤次数过多, 选课数量过多"
S0827,周强,高风险,1.0,高风险行为,"挂科门数过多, 出勤率过低, 缺勤次数过多, 选课数量过多"
S0832,郭平,高风险,1.0,高风险行为,"挂科门数过多, 出勤率过低, 缺勤次数过多, 选课数量过多"
S0831,赵秀英,高风险,1.0,高风险行为,"挂科门数过多, 出勤率过低, 缺勤次数过多, 选课数量过多"
S0399,周强,高风险,1.0,高风险行为,"挂科门数过多, 出勤率过低, 缺勤次数过多, 选课数量过多"
S0830,郭敏,高风险,1.0,高风险行为,"挂科门数过多, 出勤率过低, 缺勤次数过多, 选课数量过多"
S0401,周杰,高风险,1.0,高风险行为,"挂科门数过多, 出勤率过低, 缺勤次数过多, 选课数量过多"
S0402,马平,高风险,1.0,高风险行为,"挂科门数过多, 出勤率过低, 缺勤次数过多, 选课数量过多"
S0412,杨伟,高风险,1.0,高风险行为,"挂科门数过多, 出勤率过低, 缺勤次数过多, 选课数量过多"
S0403,郭秀英,高风险,1.0,高风险行为,"挂科门数过多, 出勤率过低, 缺勤次数过多, 选课数量过多"
S0729,林娟,高风险,1.0,高风险行为,"挂科门数过多, 出勤率过低, 缺勤次数过多, 选课数量过多"
S0616,吴军,高风险,1.0,高风险行为,"挂科门数过多, 出勤率过低, 缺勤次数过多, 选课数量过多"
S0407,孙敏,高风险,1.0,高风险行为,"挂科门数过多, 出勤率过低, 缺勤次数过多, 选课数量过多"
S0408,高芳,高风险,1.0,高风险行为,"挂科门数过多, 出勤率过低, 缺勤次数过多, 选课数量过多"
S0409,吴敏,高风险,1.0,高风险行为,"挂科门数过多, 出勤率过低, 缺勤次数过多"
S0410,何敏,高风险,1.0,高风险行为,"挂科门数过多, 出勤率过低, 缺勤次数过多, 选课数量过多"
S0404,马娜,高风险,1.0,高风险行为,"挂科门数过多, 出勤率过低, 缺勤次数过多, 选课数量过多"
S0429,孙强,高风险,1.0,高风险行为,"挂科门数过多, 出勤率过低, 缺勤次数过多, 选课数量过多"
S0360,张霞,高风险,1.0,高风险行为,"挂科门数过多, 出勤率过低, 缺勤次数过多, 选课数量过多"
S0357,王娟,高风险,1.0,高风险行为,"挂科门数过多, 出勤率过低, 缺勤次数过多"
S0866,朱明,高风险,1.0,高风险行为,"挂科门数过多, 出勤率过低, 缺勤次数过多, 选课数量过多"
S0317,赵静,高风险,1.0,高风险行为,"挂科门数过多, 出勤率过低, 缺勤次数过多, 选课数量过多"
S0316,赵强,高风险,1.0,高风险行为,"挂科门数过多, 出勤率过低, 缺勤次数过多, 选课数量过多"
S0867,张娜,高风险,1.0,高风险行为,"挂科门数过多, 出勤率过低, 缺勤次数过多"
S0314,吴洋,高风险,1.0,高风险行为,"挂科门数过多, 出勤率过低, 缺勤次数过多, 选课数量过多"
S0721,马静,高风险,1.0,高风险行为,"挂科门数过多, 出勤率过低, 缺勤次数过多, 选课数量过多"
S0312,刘芳,高风险,1.0,高风险行为,"挂科门数过多, 出勤率过低, 缺勤次数过多, 选课数量过多"
S0869,李秀英,高风险,1.0,高风险行为,"挂科门数过多, 出勤率过低, 缺勤次数过多, 选课数量过多"
S0636,张平,高风险,1.0,高风险行为,"挂科门数过多, 出勤率过低, 缺勤次数过多, 选课数量过多"
S0637,林杰,高风险,1.0,高风险行为,"挂科门数过多, 出勤率过低, 缺勤次数过多, 选课数量过多"
S0638,朱涛,高风险,1.0,高风险行为,"挂科门数过多, 出勤率过低, 缺勤次数过多"
S0307,林霞,高风险,1.0,高风险行为,"挂科门数过多, 出勤率过低, 缺勤次数过多, 选课数量过多"
S0306,张霞,高风险,1.0,高风险行为,"挂科门数过多, 出勤率过低, 缺勤次数过多, 选课数量过多"
S0305,杨伟,高风险,1.0,高风险行为,"挂科门数过多, 出勤率过低, 缺勤次数过多, 选课数量过多"
S0304,张明,高风险,1.0,高风险行为,"挂科门数过多, 出勤率过低, 缺勤次数过多, 选课数量过多"
S0639,王涛,高风险,1.0,高风险行为,"挂科门数过多, 出勤率过低, 缺勤次数过多, 选课数量过多"
S0302,陈伟,高风险,1.0,高风险行为,"挂科门数过多, 出勤率过低, 缺勤次数过多, 选课数量过多"
S0643,孙秀英,高风险,1.0,高风险行为,"挂科门数过多, 出勤率过低, 缺勤次数过多, 选课数量过多"
S0576,黄磊,高风险,1.0,高风险行为,"挂科门数过多, 出勤率过低, 缺勤次数过多, 选课数量过多"
S0290,刘明,高风险,1.0,高风险行为,"挂科门数过多, 出勤率过低, 缺勤次数过多, 选课数量过多"
S0718,赵强,高风险,1.0,高风险行为,"挂科门数过多, 出勤率过低, 缺勤次数过多, 选课数量过多"
S0877,高杰,高风险,1.0,高风险行为,"挂科门数过多, 出勤率过低, 缺勤次数过多, 选课数量过多"
S0719,郭艳,高风险,1.0,高风险行为,"挂科门数过多, 出勤率过低, 缺勤次数过多, 选课数量过多"
S0865,张丽,高风险,1.0,高风险行为,"挂科门数过多, 出勤率过低, 缺勤次数过多, 选课数量过多"
S0294,徐磊,高风险,1.0,高风险行为,"挂科门数过多, 出勤率过低, 缺勤次数过多, 选课数量过多"
S0296,李敏,高风险,1.0,高风险行为,"挂科门数过多, 出勤率过低, 缺勤次数过多, 选课数量过多"
S0297,马强,高风险,1.0,高风险行为,"挂科门数过多, 出勤率过低, 缺勤次数过多, 选课数量过多"
S0298,赵平,高风险,1.0,高风险行为,"挂科门数过多, 出勤率过低, 缺勤次数过多, 选课数量过多"
S0299,高伟,高风险,1.0,高风险行为,"挂科门数过多, 出勤率过低, 缺勤次数过多, 选课数量过多"
S0720,李明,高风险,1.0,高风险行为,"挂科门数过多, 出勤率过低, 缺勤次数过多, 选课数量过多"
S0301,周涛,高风险,1.0,高风险行为,"挂科门数过多, 出勤率过低, 缺勤次数过多, 选课数量过多"
S0875,赵艳,高风险,1.0,高风险行为,"挂科门数过多, 出勤率过低, 缺勤次数过多, 选课数量过多"
S0864,马敏,高风险,1.0,高风险行为,"挂科门数过多, 出勤率过低, 缺勤次数过多, 选课数量过多"
S0634,何伟,高风险,1.0,高风险行为,"挂科门数过多, 出勤率过低, 缺勤次数过多, 选课数量过多"
S0862,周平,高风险,1.0,高风险行为,"挂科门数过多, 出勤率过低, 缺勤次数过多, 选课数量过多"
S0343,张伟,高风险,1.0,高风险行为,"挂科门数过多, 出勤率过低, 缺勤次数过多, 选课数量过多"
S0627,林超,高风险,1.0,高风险行为,"挂科门数过多, 出勤率过低, 缺勤次数过多, 选课数量过多"
S0626,何娟,高风险,1.0,高风险行为,"挂科门数过多, 出勤率过低, 缺勤次数过多, 选课数量过多"
S0346,罗明,高风险,1.0,高风险行为,"挂科门数过多, 出勤率过低, 缺勤次数过多, 选课数量过多"
S0693,吴勇,高风险,1.0,高风险行为,"挂科门数过多, 出勤率过低, 缺勤次数过多, 选课数量过多"
S0348,张明,高风险,1.0,高风险行为,"挂科门数过多, 出勤率过低, 缺勤次数过多, 选课数量过多"
S0628,王磊,高风险,1.0,高风险行为,"挂科门数过多, 出勤率过低, 缺勤次数过多, 选课数量过多"
S0724,郭平,高风险,1.0,高风险行为,"挂科门数过多, 出勤率过低, 缺勤次数过多, 选课数量过多"
S0351,高伟,高风险,1.0,高风险行为,"挂科门数过多, 出勤率过低, 缺勤次数过多, 选课数量过多"
S0352,马娟,高风险,1.0,高风险行为,"挂科门数过多, 出勤率过低, 缺勤次数过多, 选课数量过多"
S0353,王洋,高风险,1.0,高风险行为,"挂科门数过多, 出勤率过低, 缺勤次数过多, 选课数量过多"
S0354,陈强,高风险,1.0,高风险行为,"挂科门数过多, 出勤率过低, 缺勤次数过多, 选课数量过多"
S0355,李敏,高风险,1.0,高风险行为,"挂科门数过多, 出勤率过低, 缺勤次数过多, 选课数量过多"
S0356,何强,高风险,1.0,高风险行为,"挂科门数过多, 出勤率过低, 缺勤次数过多, 选课数量过多"
S0350,杨丽,高风险,1.0,高风险行为,"挂科门数过多, 出勤率过低, 缺勤次数过多"
S0847,杨静,高风险,1.0,高风险行为,"挂科门数过多, 出勤率过低, 缺勤次数过多, 选课数量过多"
S0341,杨静,高风险,1.0,高风险行为,"挂科门数过多, 出勤率过低, 缺勤次数过多, 选课数量过多"
S0629,赵平,高风险,1.0,高风险行为,"挂科门数过多, 缺勤次数过多, 选课数量过多"
S0324,周丽,高风险,1.0,高风险行为,"挂科门数过多, 出勤率过低, 缺勤次数过多, 选课数量过多"
S0860,朱杰,高风险,1.0,高风险行为,"挂科门数过多, 出勤率过低, 缺勤次数过多, 选课数量过多"
S0326,黄丽,高风险,1.0,高风险行为,"挂科门数过多, 出勤率过低, 缺勤次数过多, 选课数量过多"
S0327,徐霞,高风险,1.0,高风险行为,"挂科门数过多, 出勤率过低, 缺勤次数过多, 选课数量过多"
S0328,郭洋,高风险,1.0,高风险行为,"挂科门数过多, 出勤率过低, 缺勤次数过多, 选课数量过多"
S0329,高强,高风险,1.0,高风险行为,"挂科门数过多, 出勤率过低, 缺勤次数过多, 选课数量过多"
S0853,陈秀英,高风险,1.0,高风险行为,"挂科门数过多, 出勤率过低, 缺勤次数过多, 选课数量过多"
S0632,胡军,高风险,1.0,高风险行为,"挂科门数过多, 出勤率过低, 缺勤次数过多, 选课数量过多"
S0333,吴丽,高风险,1.0,高风险行为,"挂科门数过多, 出勤率过低, 缺勤次数过多, 选课数量过多"
S0334,郭芳,高风险,1.0,高风险行为,"挂科门数过多, 出勤率过低, 缺勤次数过多, 选课数量过多"
S0856,罗秀英,高风险,1.0,高风险行为,"挂科门数过多, 出勤率过低, 缺勤次数过多, 选课数量过多"
S0630,李涛,高风险,1.0,高风险行为,"挂科门数过多, 出勤率过低, 缺勤次数过多, 选课数量过多"
S0337,赵娜,高风险,1.0,高风险行为,"挂科门数过多, 出勤率过低, 缺勤次数过多, 选课数量过多"
S0338,王涛,高风险,1.0,高风险行为,"挂科门数过多, 出勤率过低, 缺勤次数过多, 选课数量过多"
S0858,刘强,高风险,1.0,高风险行为,"挂科门数过多, 出勤率过低, 缺勤次数过多, 选课数量过多"
S0814,马平,高风险,1.0,高风险行为,"挂科门数过多, 出勤率过低, 缺勤次数过多, 选课数量过多"
S0611,黄艳,高风险,1.0,高风险行为,"挂科门数过多, 出勤率过低, 缺勤次数过多, 选课数量过多"
S0812,吴磊,高风险,1.0,高风险行为,"挂科门数过多, 出勤率过低, 缺勤次数过多, 选课数量过多"
S0539,孙伟,高风险,1.0,高风险行为,"挂科门数过多, 出勤率过低, 缺勤次数过多"
S0538,黄秀英,高风险,1.0,高风险行为,"挂科门数过多, 缺勤次数过多, 选课数量过多"
S0763,朱磊,高风险,1.0,高风险行为,"挂科门数过多, 出勤率过低, 缺勤次数过多, 选课数量过多"
S0536,徐艳,高风险,1.0,高风险行为,"挂科门数过多, 出勤率过低, 缺勤次数过多"
S0535,马芳,高风险,1.0,高风险行为,"挂科门数过多, 出勤率过低, 缺勤次数过多, 选课数量过多"
S0534,罗平,高风险,1.0,高风险行为,"挂科门数过多, 出勤率过低, 缺勤次数过多, 选课数量过多"
S0764,吴敏,高风险,1.0,高风险行为,"挂科门数过多, 出勤率过低, 缺勤次数过多, 选课数量过多"
S0587,周涛,高风险,1.0,高风险行为,"挂科门数过多, 出勤率过低, 缺勤次数过多, 选课数量过多"
S0766,孙艳,高风险,1.0,高风险行为,"挂科门数过多, 出勤率过低, 缺勤次数过多, 选课数量过多"
S0530,赵秀英,高风险,1.0,高风险行为,"挂科门数过多, 出勤率过低, 缺勤次数过多, 选课数量过多"
S0529,刘静,高风险,1.0,高风险行为,"挂科门数过多, 出勤率过低, 缺勤次数过多, 选课数量过多"
S0767,陈静,高风险,1.0,高风险行为,"挂科门数过多, 出勤率过低, 缺勤次数过多, 选课数量过多"
S0527,高超,高风险,1.0,高风险行为,"挂科门数过多, 出勤率过低, 缺勤次数过多, 选课数量过多"
S0768,赵霞,高风险,1.0,高风险行为,"挂科门数过多, 出勤率过低, 缺勤次数过多, 选课数量过多"
S0769,徐伟,高风险,1.0,高风险行为,"挂科门数过多, 出勤率过低, 缺勤次数过多, 选课数量过多"
S0524,周静,高风险,1.0,高风险行为,"挂科门数过多, 出勤率过低, 缺勤次数过多, 选课数量过多"
S0523,高杰,高风险,1.0,高风险行为,"挂科门数过多, 出勤率过低, 缺勤次数过多, 选课数量过多"
S0774,罗娜,高风险,1.0,高风险行为,"挂科门数过多, 出勤率过低, 缺勤次数过多, 选课数量过多"
S0510,杨艳,高风险,1.0,高风险行为,"挂科门数过多, 出勤率过低, 缺勤次数过多, 选课数量过多"
S0511,黄敏,高风险,1.0,高风险行为,"挂科门数过多, 出勤率过低, 缺勤次数过多, 选课数量过多"
S0589,杨杰,高风险,1.0,高风险行为,"挂科门数过多, 出勤率过低, 缺勤次数过多, 选课数量过多"
S0513,李强,高风险,1.0,高风险行为,"挂科门数过多, 出勤率过低, 缺勤次数过多, 选课数量过多"
S0514,高涛,高风险,1.0,高风险行为,"挂科门数过多, 出勤率过低, 缺勤次数过多, 选课数量过多"
S0762,罗静,高风险,1.0,高风险行为,"挂科门数过多, 出勤率过低, 缺勤次数过多, 选课数量过多"
S0515,黄军,高风险,1.0,高风险行为,"挂科门数过多, 出勤率过低, 缺勤次数过多, 选课数量过多"
S0588,孙丽,高风险,1.0,高风险行为,"挂科门数过多, 出勤率过低, 缺勤次数过多, 选课数量过多"
S0518,罗霞,高风险,1.0,高风险行为,"挂科门数过多, 出勤率过低, 缺勤次数过多, 选课数量过多"
S0771,林静,高风险,1.0,高风险行为,"挂科门数过多, 出勤率过低, 缺勤次数过多, 选课数量过多"
S0520,徐芳,高风险,1.0,高风险行为,"挂科门数过多, 出勤率过低, 缺勤次数过多, 选课数量过多"
S0770,杨霞,高风险,1.0,高风险行为,"挂科门数过多, 出勤率过低, 缺勤次数过多, 选课数量过多"
S0522,刘静,高风险,1.0,高风险行为,"挂科门数过多, 出勤率过低, 缺勤次数过多, 选课数量过多"
S0516,胡杰,高风险,1.0,高风险行为,"挂科门数过多, 出勤率过低, 缺勤次数过多, 选课数量过多"
S0761,杨芳,高风险,1.0,高风险行为,"挂科门数过多, 出勤率过低, 缺勤次数过多, 选课数量过多"
S0542,周洋,高风险,1.0,高风险行为,"挂科门数过多, 出勤率过低, 缺勤次数过多, 选课数量过多"
S0760,张敏,高风险,1.0,高风险行为,"挂科门数过多, 出勤率过低, 缺勤次数过多, 选课数量过多"
S0749,赵军,高风险,1.0,高风险行为,"挂科门数过多, 出勤率过低, 缺勤次数过多, 选课数量过多"
S0563,高超,高风险,1.0,高风险行为,"挂科门数过多, 出勤率过低, 缺勤次数过多"
S0748,周静,高风险,1.0,高风险行为,"挂科门数过多, 出勤率过低, 缺勤次数过多, 选课数量过多"
S0565,高艳,高风险,1.0,高风险行为,"挂科门数过多, 出勤率过低, 缺勤次数过多, 选课数量过多"
S0566,徐勇,高风险,1.0,高风险行为,"挂科门数过多, 缺勤次数过多, 选课数量过多"
S0567,李明,高风险,1.0,高风险行为,"挂科门数过多, 出勤率过低, 缺勤次数过多, 选课数量过多"
S0581,孙静,高风险,1.0,高风险行为,"挂科门数过多, 出勤率过低, 缺勤次数过多, 选课数量过多"
S0568,刘勇,高风险,1.0,高风险行为,"挂科门数过多, 出勤率过低, 缺勤次数过多, 选课数量过多"
S0747,陈军,高风险,1.0,高风险行为,"挂科门数过多, 出勤率过低, 缺勤次数过多, 选课数量过多"
S0580,徐丽,高风险,1.0,高风险行为,"挂科门数过多, 出勤率过低, 缺勤次数过多, 选课数量过多"
S0579,赵敏,高风险,1.0,高风险行为,"挂科门数过多, 出勤率过低, 缺勤次数过多, 选课数量过多"
S0744,马芳,高风险,1.0,高风险行为,"挂科门数过多, 出勤率过低, 缺勤次数过多, 选课数量过多"
S0578,何强,高风险,1.0,高风险行为,"挂科门数过多, 出勤率过低, 缺勤次数过多, 选课数量过多"
S0575,赵秀英,高风险,1.0,高风险行为,"挂科门数过多, 平均成绩过低, 出勤率过低, 缺勤次数过多"
S0569,高明,高风险,1.0,高风险行为,"挂科门数过多, 出勤率过低, 缺勤次数过多, 选课数量过多"
S0590,赵芳,高风险,1.0,高风险行为,"挂科门数过多, 出勤率过低, 缺勤次数过多, 选课数量过多"
S0582,何艳,高风险,1.0,高风险行为,"挂科门数过多, 出勤率过低, 缺勤次数过多, 选课数量过多"
S0742,陈勇,高风险,1.0,高风险行为,"挂科门数过多, 出勤率过低, 缺勤次数过多, 选课数量过多"
S0759,徐军,高风险,1.0,高风险行为,"挂科门数过多, 出勤率过低, 缺勤次数过多, 选课数量过多"
S0741,陈霞,高风险,1.0,高风险行为,"挂科门数过多, 出勤率过低, 缺勤次数过多, 选课数量过多"
S0546,罗秀英,高风险,1.0,高风险行为,"挂科门数过多, 出勤率过低, 缺勤次数过多, 选课数量过多"
S0547,郭军,高风险,1.0,高风险行为,"挂科门数过多, 出勤率过低, 缺勤次数过多, 选课数量过多"
S0757,胡涛,高风险,1.0,高风险行为,"挂科门数过多, 出勤率过低, 缺勤次数过多, 选课数量过多"
S0549,赵强,高风险,1.0,高风险行为,"挂科门数过多, 出勤率过低, 缺勤次数过多, 选课数量过多"
S0559,黄杰,高风险,1.0,高风险行为,"挂科门数过多, 出勤率过低, 缺勤次数过多"
S0550,黄静,高风险,1.0,高风险行为,"挂科门数过多, 出勤率过低, 缺勤次数过多, 选课数量过多"
S0755,徐杰,高风险,1.0,高风险行为,"挂科门数过多, 出勤率过低, 缺勤次数过多, 选课数量过多"
S0553,孙娜,高风险,1.0,高风险行为,"挂科门数过多, 出勤率过低, 缺勤次数过多, 选课数量过多"
S0554,马丽,高风险,1.0,高风险行为,"挂科门数过多, 出勤率过低, 缺勤次数过多, 选课数量过多"
S0555,林洋,高风险,1.0,高风险行为,"挂科门数过多, 出勤率过低, 缺勤次数过多, 选课数量过多"
S0754,孙军,高风险,1.0,高风险行为,"挂科门数过多, 出勤率过低, 缺勤次数过多, 选课数量过多"
S0584,黄磊,高风险,1.0,高风险行为,"挂科门数过多, 出勤率过低, 缺勤次数过多, 选课数量过多"
S0585,林磊,高风险,1.0,高风险行为,"挂科门数过多, 出勤率过低, 缺勤次数过多, 选课数量过多"
S0740,高涛,高风险,1.0,高风险行为,"挂科门数过多, 平均成绩过低, 出勤率过低, 缺勤次数过多, 选课数量过多"
S0777,何秀英,高风险,1.0,高风险行为,"挂科门数过多, 出勤率过低, 缺勤次数过多"
S0505,杨娟,高风险,1.0,高风险行为,"挂科门数过多, 出勤率过低, 缺勤次数过多"
S0733,黄杰,高风险,1.0,高风险行为,"挂科门数过多, 出勤率过低, 缺勤次数过多, 选课数量过多"
S0453,刘秀英,高风险,1.0,高风险行为,"挂科门数过多, 出勤率过低, 缺勤次数过多, 选课数量过多"
S0454,朱强,高风险,1.0,高风险行为,"挂科门数过多, 出勤率过低, 缺勤次数过多, 选课数量过多"
S0801,吴丽,高风险,1.0,高风险行为,"挂科门数过多, 出勤率过低, 缺勤次数过多, 选课数量过多"
S0800,徐勇,高风险,1.0,高风险行为,"挂科门数过多, 成绩波动较大, 出勤率过低, 缺勤次数过多, 选课数量过多"
S0799,何勇,高风险,1.0,高风险行为,"挂科门数过多, 出勤率过低, 缺勤次数过多, 选课数量过多"
S0606,郭涛,高风险,1.0,高风险行为,"挂科门数过多, 出勤率过低, 缺勤次数过多, 选课数量过多"
S0798,杨娜,高风险,1.0,高风险行为,"挂科门数过多, 出勤率过低, 缺勤次数过多, 选课数量过多"
S0604,徐明,高风险,1.0,高风险行为,"挂科门数过多, 出勤率过低, 缺勤次数过多, 选课数量过多"
S0461,赵勇,高风险,1.0,高风险行为,"挂科门数过多, 出勤率过低, 缺勤次数过多, 选课数量过多"
S0603,徐平,高风险,1.0,高风险行为,"挂科门数过多, 出勤率过低, 缺勤次数过多, 选课数量过多"
S0463,郭芳,高风险,1.0,高风险行为,"挂科门数过多, 出勤率过低, 缺勤次数过多, 选课数量过多"
S0794,马丽,高风险,1.0,高风险行为,"挂科门数过多, 出勤率过低, 缺勤次数过多, 选课数量过多"
S0465,徐娟,高风险,1.0,高风险行为,"挂科门数过多, 出勤率过低, 缺勤次数过多, 选课数量过多"
S0797,林静,高风险,1.0,高风险行为,"挂科门数过多, 出勤率过低, 缺勤次数过多, 选课数量过多"
S0602,张娜,高风险,1.0,高风险行为,"挂科门数过多, 出勤率过低, 缺勤次数过多, 选课数量过多"
S0450,郭敏,高风险,1.0,高风险行为,"挂科门数过多, 出勤率过低, 缺勤次数过多, 选课数量过多"
S0804,吴涛,高风险,1.0,高风险行为,"挂科门数过多, 出勤率过低, 缺勤次数过多, 选课数量过多"
S0433,孙静,高风险,1.0,高风险行为,"挂科门数过多, 出勤率过低, 缺勤次数过多, 选课数量过多"
S0811,马平,高风险,1.0,高风险行为,"挂科门数过多, 出勤率过低, 缺勤次数过多, 选课数量过多"
S0435,李娟,高风险,1.0,高风险行为,"挂科门数过多, 出勤率过低, 缺勤次数过多, 选课数量过多"
S0436,刘强,高风险,1.0,高风险行为,"挂科门数过多, 出勤率过低, 缺勤次数过多, 选课数量过多"
S0810,马平,高风险,1.0,高风险行为,"挂科门数过多, 出勤率过低, 缺勤次数过多, 选课数量过多"
S0438,何娜,高风险,1.0,高风险行为,"挂科门数过多, 出勤率过低, 缺勤次数过多, 选课数量过多"
S0449,王芳,高风险,1.0,高风险行为,"挂科门数过多, 出勤率过低, 缺勤次数过多, 选课数量过多"
S0610,李静,高风险,1.0,高风险行为,"挂科门数过多, 出勤率过低, 缺勤次数过多, 选课数量过多"
S0441,朱秀英,高风险,1.0,高风险行为,"挂科门数过多, 出勤率过低, 缺勤次数过多, 选课数量过多"
S0730,郭芳,高风险,1.0,高风险行为,"挂科门数过多, 出勤率过低, 缺勤次数过多, 选课数量过多"
S0443,吴军,高风险,1.0,高风险行为,"挂科门数过多, 出勤率过低, 缺勤次数过多, 选课数量过多"
S0807,张娟,高风险,1.0,高风险行为,"挂科门数过多, 出勤率过低, 缺勤次数过多, 选课数量过多"
S0732,周磊,高风险,1.0,高风险行为,"挂科门数过多, 出勤率过低, 缺勤次数过多"
S0447,王伟,高风险,1.0,高风险行为,"挂科门数过多, 出勤率过低, 缺勤次数过多, 选课数量过多"
S0440,郭静,高风险,1.0,高风险行为,"挂科门数过多, 出勤率过低, 缺勤次数过多, 选课数量过多"
S0881,周伟,高风险,1.0,高风险行为,"挂科门数过多, 出勤率过低, 缺勤次数过多, 选课数量过多"
S0467,吴丽,高风险,1.0,高风险行为,"挂科门数过多, 出勤率过低, 缺勤次数过多, 选课数量过多"
S0792,赵杰,高风险,1.0,高风险行为,"挂科门数过多, 出勤率过低, 缺勤次数过多, 选课数量过多"
S0488,李勇,高风险,1.0,高风险行为,"挂科门数过多, 出勤率过低, 缺勤次数过多, 选课数量过多"
S0783,张明,高风险,1.0,高风险行为,"挂科门数过多, 出勤率过低, 缺勤次数过多, 选课数量过多"
S0490,张伟,高风险,1.0,高风险行为,"挂科门数过多, 出勤率过低, 缺勤次数过多, 选课数量过多"
S0491,周磊,高风险,1.0,高风险行为,"挂科门数过多, 出勤率过低, 缺勤次数过多, 选课数量过多"
S0492,徐磊,高风险,1.0,高风险行为,"挂科门数过多, 出勤率过低, 缺勤次数过多, 选课数量过多"
S0493,马娜,高风险,1.0,高风险行为,"挂科门数过多, 出勤率过低, 缺勤次数过多"
S0736,张娜,高风险,1.0,高风险行为,"挂科门数过多, 出勤率过低, 缺勤次数过多, 选课数量过多"
S0495,周娟,高风险,1.0,高风险行为,"挂科门数过多, 出勤率过低, 缺勤次数过多, 选课数量过多"
S0498,马杰,高风险,1.0,高风险行为,"挂科门数过多, 出勤率过低, 缺勤次数过多, 选课数量过多"
S0499,孙明,高风险,1.0,高风险行为,"挂科门数过多, 出勤率过低, 缺勤次数过多, 选课数量过多"
S0501,林艳,高风险,1.0,高风险行为,"挂科门数过多, 出勤率过低, 缺勤次数过多, 选课数量过多"
S0779,郭娟,高风险,1.0,高风险行为,"挂科门数过多, 出勤率过低, 缺勤次数过多, 选课数量过多"
S0503,郭娟,高风险,1.0,高风险行为,"挂科门数过多, 出勤率过低, 缺勤次数过多, 选课数量过多"
S0778,刘超,高风险,1.0,高风险行为,"挂科门数过多, 出勤率过低, 缺勤次数过多, 选课数量过多"
S0497,赵杰,高风险,1.0,高风险行为,"挂科门数过多, 出勤率过低, 缺勤次数过多, 选课数量过多"
S0468,刘静,高风险,1.0,高风险行为,"挂科门数过多, 出勤率过低, 缺勤次数过多, 选课数量过多"
S0596,马芳,高风险,1.0,高风险行为,"挂科门数过多, 出勤率过低, 缺勤次数过多, 选课数量过多"
S0484,杨平,高风险,1.0,高风险行为,"挂科门数过多, 出勤率过低, 缺勤次数过多, 选课数量过多"
S0601,陈勇,高风险,1.0,高风险行为,"挂科门数过多, 出勤率过低, 缺勤次数过多, 选课数量过多"
S0471,张超,高风险,1.0,高风险行为,"挂科门数过多, 出勤率过低, 缺勤次数过多, 选课数量过多"
S0472,孙杰,高风险,1.0,高风险行为,"挂科门数过多, 出勤率过低, 缺勤次数过多, 选课数量过多"
S0473,马娜,高风险,1.0,高风险行为,"挂科门数过多, 出勤率过低, 缺勤次数过多, 选课数量过多"
S0734,杨娟,高风险,1.0,高风险行为,"挂科门数过多, 出勤率过低, 缺勤次数过多, 选课数量过多"
S0475,吴超,高风险,1.0,高风险行为,"挂科门数过多, 出勤率过低, 缺勤次数过多, 选课数量过多"
S0485,陈娜,高风险,1.0,高风险行为,"挂科门数过多, 出勤率过低, 缺勤次数过多, 选课数量过多"
S0599,徐静,高风险,1.0,高风险行为,"挂科门数过多, 出勤率过低, 缺勤次数过多, 选课数量过多"
S0787,赵霞,高风险,1.0,高风险行为,"挂科门数过多, 出勤率过低, 缺勤次数过多, 选课数量过多"
S0479,高明,高风险,1.0,高风险行为,"挂科门数过多, 出勤率过低, 缺勤次数过多, 选课数量过多"
S0480,孙杰,高风险,1.0,高风险行为,"挂科门数过多, 出勤率过低, 缺勤次数过多, 选课数量过多"
S0481,王娜,高风险,1.0,高风险行为,"挂科门数过多, 出勤率过低, 缺勤次数过多, 选课数量过多"
S0482,林军,高风险,1.0,高风险行为,"挂科门数过多, 出勤率过低, 缺勤次数过多, 选课数量过多"
S0735,黄伟,高风险,1.0,高风险行为,"挂科门数过多, 出勤率过低, 缺勤次数过多, 选课数量过多"
S0598,陈勇,高风险,1.0,高风险行为,"挂科门数过多, 出勤率过低, 缺勤次数过多, 选课数量过多"
S0286,胡敏,高风险,1.0,高风险行为,"挂科门数过多, 出勤率过低, 缺勤次数过多, 选课数量过多"
S0879,何芳,高风险,1.0,高风险行为,"挂科门数过多, 平均成绩过低, 出勤率过低, 缺勤次数过多, 选课数量过多"
S0882,马芳,高风险,1.0,高风险行为,"挂科门数过多, 出勤率过低, 缺勤次数过多"
S0108,朱磊,高风险,1.0,高风险行为,"挂科门数过多, 出勤率过低, 缺勤次数过多, 选课数量过多"
S0680,吴杰,高风险,1.0,高风险行为,"挂科门数过多, 出勤率过低, 缺勤次数过多, 选课数量过多"
S0106,徐伟,高风险,1.0,高风险行为,"挂科门数过多, 出勤率过低, 缺勤次数过多, 选课数量过多"
S0105,胡娟,高风险,1.0,高风险行为,"挂科门数过多, 平均成绩过低, 出勤率过低, 缺勤次数过多"
S0104,徐杰,高风险,1.0,高风险行为,"挂科门数过多, 出勤率过低, 缺勤次数过多, 选课数量过多"
S0103,黄娟,高风险,1.0,高风险行为,"挂科门数过多, 出勤率过低, 缺勤次数过多, 选课数量过多"
S0102,赵娜,高风险,1.0,高风险行为,"挂科门数过多, 出勤率过低, 缺勤次数过多, 选课数量过多"
S0101,赵艳,高风险,1.0,高风险行为,"挂科门数过多, 出勤率过低, 缺勤次数过多, 选课数量过多"
S0100,徐洋,高风险,1.0,高风险行为,"挂科门数过多, 出勤率过低, 缺勤次数过多, 选课数量过多"
S0099,王丽,高风险,1.0,高风险行为,"挂科门数过多, 出勤率过低, 缺勤次数过多, 选课数量过多"
S0961,孙娟,高风险,1.0,高风险行为,"挂科门数过多, 出勤率过低, 缺勤次数过多, 选课数量过多"
S0962,杨艳,高风险,1.0,高风险行为,"挂科门数过多, 出勤率过低, 缺勤次数过多, 选课数量过多"
S0681,吴敏,高风险,1.0,高风险行为,"挂科门数过多, 出勤率过低, 缺勤次数过多, 选课数量过多"
S0964,高军,高风险,1.0,高风险行为,"挂科门数过多, 出勤率过低, 缺勤次数过多, 选课数量过多"
S0094,徐勇,高风险,1.0,高风险行为,"挂科门数过多, 出勤率过低, 缺勤次数过多, 选课数量过多"
S0093,吴娜,高风险,1.0,高风险行为,"挂科门数过多, 出勤率过低, 缺勤次数过多"
S0682,刘静,高风险,1.0,高风险行为,"挂科门数过多, 出勤率过低, 缺勤次数过多, 选课数量过多"
S0078,胡丽,高风险,1.0,高风险行为,"挂科门数过多, 出勤率过低, 缺勤次数过多, 选课数量过多"
S0079,高芳,高风险,1.0,高风险行为,"挂科门数过多, 出勤率过低, 缺勤次数过多, 选课数量过多"
S0080,杨勇,高风险,1.0,高风险行为,"挂科门数过多, 出勤率过低, 缺勤次数过多, 选课数量过多"
S0081,杨超,高风险,1.0,高风险行为,"挂科门数过多, 出勤率过低, 缺勤次数过多"
S0082,周芳,高风险,1.0,高风险行为,"挂科门数过多, 出勤率过低, 缺勤次数过多, 选课数量过多"
S0083,黄敏,高风险,1.0,高风险行为,"挂科门数过多, 出勤率过低, 缺勤次数过多, 选课数量过多"
S0109,高娜,高风险,1.0,高风险行为,"挂科门数过多, 出勤率过低, 缺勤次数过多, 选课数量过多"
S0969,赵磊,高风险,1.0,高风险行为,"挂科门数过多, 出勤率过低, 缺勤次数过多, 选课数量过多"
S0968,林霞,高风险,1.0,高风险行为,"挂科门数过多, 出勤率过低, 缺勤次数过多, 选课数量过多"
S0967,马秀英,高风险,1.0,高风险行为,"挂科门数过多, 出勤率过低, 缺勤次数过多, 选课数量过多"
S0088,吴伟,高风险,1.0,高风险行为,"挂科门数过多, 出勤率过低, 缺勤次数过多"
S0089,刘杰,高风险,1.0,高风险行为,"挂科门数过多, 出勤率过低, 缺勤次数过多, 选课数量过多"
S0702,胡军,高风险,1.0,高风险行为,"挂科门数过多, 出勤率过低, 缺勤次数过多, 选课数量过多"
S0091,高超,高风险,1.0,高风险行为,"挂科门数过多, 出勤率过低, 缺勤次数过多, 选课数量过多"
S0085,高明,高风险,1.0,高风险行为,"挂科门数过多, 出勤率过低, 缺勤次数过多"
S0970,吴娟,高风险,1.0,高风险行为,"挂科门数过多, 出勤率过低, 缺勤次数过多, 选课数量过多"
S0959,李丽,高风险,1.0,高风险行为,"挂科门数过多, 出勤率过低, 缺勤次数过多, 选课数量过多"
S0112,朱霞,高风险,1.0,高风险行为,"挂科门数过多, 出勤率过低, 缺勤次数过多, 选课数量过多"
S0145,刘敏,高风险,1.0,高风险行为,"挂科门数过多, 出勤率过低, 缺勤次数过多, 选课数量过多"
S0144,马芳,高风险,1.0,高风险行为,"挂科门数过多, 出勤率过低, 缺勤次数过多, 选课数量过多"
S0143,杨超,高风险,1.0,高风险行为,"挂科门数过多, 出勤率过低, 缺勤次数过多, 选课数量过多"
S0285,赵伟,高风险,1.0,高风险行为,"挂科门数过多, 出勤率过低, 缺勤次数过多, 选课数量过多"
S0673,吴秀英,高风险,1.0,高风险行为,"挂科门数过多, 出勤率过低, 缺勤次数过多"
S0140,马超,高风险,1.0,高风险行为,"挂科门数过多, 出勤率过低, 缺勤次数过多, 选课数量过多"
S0943,徐明,高风险,1.0,高风险行为,"挂科门数过多, 出勤率过低, 缺勤次数过多, 选课数量过多"
S0137,朱强,高风险,1.0,高风险行为,"挂科门数过多, 出勤率过低, 缺勤次数过多, 选课数量过多"
S0945,罗秀英,高风险,1.0,高风险行为,"挂科门数过多, 出勤率过低, 缺勤次数过多, 选课数量过多"
S0946,何洋,高风险,1.0,高风险行为,"挂科门数过多, 出勤率过低, 缺勤次数过多, 选课数量过多"
S0134,马涛,高风险,1.0,高风险行为,"挂科门数过多, 出勤率过低, 缺勤次数过多, 选课数量过多"
S0133,杨丽,高风险,1.0,高风险行为,"挂科门数过多, 出勤率过低, 缺勤次数过多, 选课数量过多"
S0132,马伟,高风险,1.0,高风险行为,"挂科门数过多, 出勤率过低, 缺勤次数过多, 选课数量过多"
S0676,马洋,高风险,1.0,高风险行为,"挂科门数过多, 出勤率过低, 缺勤次数过多, 选课数量过多"
S0949,周丽,高风险,1.0,高风险行为,"挂科门数过多, 出勤率过低, 缺勤次数过多, 选课数量过多"
S0128,罗艳,高风险,1.0,高风险行为,"挂科门数过多, 出勤率过低, 缺勤次数过多, 选课数量过多"
S0127,孙静,高风险,1.0,高风险行为,"挂科门数过多, 出勤率过低, 缺勤次数过多, 选课数量过多"
S0958,马丽,高风险,1.0,高风险行为,"挂科门数过多, 出勤率过低, 缺勤次数过多, 选课数量过多"
S0679,陈静,高风险,1.0,高风险行为,"挂科门数过多, 出勤率过低, 缺勤次数过多, 选课数量过多"
S0678,孙涛,高风险,1.0,高风险行为,"挂科门数过多, 出勤率过低, 缺勤次数过多, 选课数量过多"
S0116,孙超,高风险,1.0,高风险行为,"挂科门数过多, 缺勤次数过多, 选课数量过多"
S0117,罗强,高风险,1.0,高风险行为,"挂科门数过多, 出勤率过低, 缺勤次数过多, 选课数量过多"
S0118,王秀英,高风险,1.0,高风险行为,"挂科门数过多, 出勤率过低, 缺勤次数过多, 选课数量过多"
S0111,刘霞,高风险,1.0,高风险行为,"挂科门数过多, 出勤率过低, 缺勤次数过多, 选课数量过多"
S0677,孙磊,高风险,1.0,高风险行为,"挂科门数过多, 出勤率过低, 缺勤次数过多, 选课数量过多"
S0953,陈杰,高风险,1.0,高风险行为,"挂科门数过多, 出勤率过低, 缺勤次数过多, 选课数量过多"
S0122,林伟,高风险,1.0,高风险行为,"挂科门数过多, 出勤率过低, 缺勤次数过多, 选课数量过多"
S0952,周伟,高风险,1.0,高风险行为,"挂科门数过多, 出勤率过低, 缺勤次数过多, 选课数量过多"
S0951,高丽,高风险,1.0,高风险行为,"挂科门数过多, 出勤率过低, 缺勤次数过多, 选课数量过多"
S0125,林强,高风险,1.0,高风险行为,"挂科门数过多, 出勤率过低, 缺勤次数过多, 选课数量过多"
S0950,高磊,高风险,1.0,高风险行为,"挂科门数过多, 出勤率过低, 缺勤次数过多, 选课数量过多"
S0954,朱涛,高风险,1.0,高风险行为,"挂科门数过多, 出勤率过低, 缺勤次数过多, 选课数量过多"
S0971,孙娜,高风险,1.0,高风险行为,"挂科门数过多, 出勤率过低, 缺勤次数过多, 选课数量过多"
S0075,杨芳,高风险,1.0,高风险行为,"挂科门数过多, 出勤率过低, 缺勤次数过多, 选课数量过多"
S0972,刘芳,高风险,1.0,高风险行为,"挂科门数过多, 出勤率过低, 缺勤次数过多, 选课数量过多"
S0987,林勇,高风险,1.0,高风险行为,"挂科门数过多, 出勤率过低, 缺勤次数过多, 选课数量过多"
S0033,罗敏,高风险,1.0,高风险行为,"挂科门数过多, 出勤率过低, 缺勤次数过多, 选课数量过多"
S0988,朱芳,高风险,1.0,高风险行为,"挂科门数过多, 出勤率过低, 缺勤次数过多, 选课数量过多"
S0689,徐洋,高风险,1.0,高风险行为,"挂科门数过多, 出勤率过低, 缺勤次数过多, 选课数量过多"
S0030,胡静,高风险,1.0,高风险行为,"挂科门数过多, 出勤率过低, 缺勤次数过多, 选课数量过多"
S0029,张娜,高风险,1.0,高风险行为,"挂科门数过多, 出勤率过低, 缺勤次数过多, 选课数量过多"
S0028,杨霞,高风险,1.0,高风险行为,"挂科门数过多, 出勤率过低, 缺勤次数过多, 选课数量过多"
S0027,陈洋,高风险,1.0,高风险行为,"挂科门数过多, 出勤率过低, 缺勤次数过多, 选课数量过多"
S0026,刘磊,高风险,1.0,高风险行为,"挂科门数过多, 出勤率过低, 缺勤次数过多"
S0025,杨艳,高风险,1.0,高风险行为,"挂科门数过多, 出勤率过低, 缺勤次数过多, 选课数量过多"
S0024,徐磊,高风险,1.0,高风险行为,"挂科门数过多, 出勤率过低, 缺勤次数过多, 选课数量过多"
S0023,黄艳,高风险,1.0,高风险行为,"挂科门数过多, 出勤率过低, 缺勤次数过多"
S0991,林霞,高风险,1.0,高风险行为,"挂科门数过多, 出勤率过低, 缺勤次数过多, 选课数量过多"
S0992,张强,高风险,1.0,高风险行为,"挂科门数过多, 出勤率过低, 缺勤次数过多, 选课数量过多"
S0019,陈敏,高风险,1.0,高风险行为,"挂科门数过多, 出勤率过低, 缺勤次数过多, 选课数量过多"
S0993,何涛,高风险,1.0,高风险行为,"挂科门数过多, 出勤率过低, 缺勤次数过多, 选课数量过多"
S0017,高平,高风险,1.0,高风险行为,"挂科门数过多, 出勤率过低, 缺勤次数过多"
S0002,林军,高风险,1.0,高风险行为,"挂科门数过多, 出勤率过低, 缺勤次数过多, 选课数量过多"
S0003,赵强,高风险,1.0,高风险行为,"挂科门数过多, 出勤率过低, 缺勤次数过多"
S0998,何勇,高风险,1.0,高风险行为,"挂科门数过多, 出勤率过低, 缺勤次数过多, 选课数量过多"
S0996,周涛,高风险,1.0,高风险行为,"挂科门数过多, 出勤率过低, 缺勤次数过多, 选课数量过多"
S0007,林磊,高风险,1.0,高风险行为,"挂科门数过多, 出勤率过低, 缺勤次数过多, 选课数量过多"
S0008,陈涛,高风险,1.0,高风险行为,"挂科门数过多, 出勤率过低, 缺勤次数过多, 选课数量过多"
S0035,何勇,高风险,1.0,高风险行为,"挂科门数过多, 出勤率过低, 缺勤次数过多, 选课数量过多"
S0009,黄娟,高风险,1.0,高风险行为,"挂科门数过多, 出勤率过低, 缺勤次数过多, 选课数量过多"
S0995,高娜,高风险,1.0,高风险行为,"挂科门数过多, 出勤率过低, 缺勤次数过多, 选课数量过多"
S0691,杨涛,高风险,1.0,高风险行为,"挂科门数过多, 出勤率过低, 缺勤次数过多, 选课数量过多"
S0013,马艳,高风险,1.0,高风险行为,"挂科门数过多, 出勤率过低, 缺勤次数过多, 选课数量过多"
S0014,罗艳,高风险,1.0,高风险行为,"挂科门数过多, 出勤率过低, 缺勤次数过多, 选课数量过多"
S0015,林秀英,高风险,1.0,高风险行为,"挂科门数过多, 出勤率过低, 缺勤次数过多"
S0016,王丽,高风险,1.0,高风险行为,"挂科门数过多, 出勤率过低, 缺勤次数过多, 选课数量过多"
S0010,吴敏,高风险,1.0,高风险行为,"挂科门数过多, 出勤率过低, 缺勤次数过多, 选课数量过多"
S0036,孙芳,高风险,1.0,高风险行为,"挂科门数过多, 出勤率过低, 缺勤次数过多, 选课数量过多"
S0986,马洋,高风险,1.0,高风险行为,"挂科门数过多, 出勤率过低, 缺勤次数过多, 选课数量过多"
S0038,杨洋,高风险,1.0,高风险行为,"挂科门数过多, 出勤率过低, 缺勤次数过多, 选课数量过多"
S0060,张敏,高风险,1.0,高风险行为,"挂科门数过多, 出勤率过低, 缺勤次数过多, 选课数量过多"
S0061,高勇,高风险,1.0,高风险行为,"挂科门数过多, 出勤率过低, 缺勤次数过多, 选课数量过多"
S0062,孙芳,高风险,1.0,高风险行为,"挂科门数过多, 出勤率过低, 缺勤次数过多, 选课数量过多"
S0977,徐霞,高风险,1.0,高风险行为,"挂科门数过多, 出勤率过低, 缺勤次数过多, 选课数量过多"
S0064,罗洋,高风险,1.0,高风险行为,"挂科门数过多, 出勤率过低, 缺勤次数过多, 选课数量过多"
S0065,刘伟,高风险,1.0,中等风险行为,"挂科门数过多, 缺勤次数过多"
S0059,徐磊,高风险,1.0,高风险行为,"挂科门数过多, 出勤率过低, 缺勤次数过多, 选课数量过多"
S0066,胡磊,高风险,1.0,高风险行为,"挂科门数过多, 出勤率过低, 缺勤次数过多, 选课数量过多"
S0976,罗平,高风险,1.0,高风险行为,"挂科门数过多, 出勤率过低, 缺勤次数过多, 选课数量过多"
S0069,周超,高风险,1.0,高风险行为,"挂科门数过多, 出勤率过低, 缺勤次数过多, 选课数量过多"
S0684,朱勇,高风险,1.0,高风险行为,"挂科门数过多, 出勤率过低, 缺勤次数过多, 选课数量过多"
S0974,李强,高风险,1.0,高风险行为,"挂科门数过多, 出勤率过低, 缺勤次数过多, 选课数量过多"
S0072,吴平,高风险,1.0,高风险行为,"挂科门数过多, 出勤率过低, 缺勤次数过多, 选课数量过多"
S0973,林敏,高风险,1.0,高风险行为,"挂科门数过多, 出勤率过低, 缺勤次数过多"
S0067,赵洋,高风险,1.0,高风险行为,"挂科门数过多, 出勤率过低, 缺勤次数过多, 选课数量过多"
S0940,罗丽,高风险,1.0,高风险行为,"挂科门数过多, 出勤率过低, 缺勤次数过多, 选课数量过多"
S0057,孙军,高风险,1.0,高风险行为,"挂科门数过多, 出勤率过低, 缺勤次数过多, 选课数量过多"
S0055,王娜,高风险,1.0,高风险行为,"挂科门数过多, 出勤率过低, 缺勤次数过多, 选课数量过多"
S0039,赵磊,高风险,1.0,高风险行为,"挂科门数过多, 出勤率过低, 缺勤次数过多, 选课数量过多"
S0040,陈涛,高风险,1.0,高风险行为,"挂科门数过多, 出勤率过低, 缺勤次数过多, 选课数量过多"
S0042,郭丽,高风险,1.0,高风险行为,"挂科门数过多, 出勤率过低, 缺勤次数过多, 选课数量过多"
S0984,吴敏,高风险,1.0,高风险行为,"挂科门数过多, 出勤率过低, 缺勤次数过多, 选课数量过多"
S0044,朱涛,高风险,1.0,高风险行为,"挂科门数过多, 出勤率过低, 缺勤次数过多, 选课数量过多"
S0983,张强,高风险,1.0,高风险行为,"挂科门数过多, 出勤率过低, 缺勤次数过多, 选课数量过多"
S0056,杨娟,高风险,1.0,高风险行为,"挂科门数过多, 出勤率过低, 缺勤次数过多, 选课数量过多"
S0046,朱娟,高风险,1.0,高风险行为,"挂科门数过多, 出勤率过低, 缺勤次数过多"
S0049,黄明,高风险,1.0,高风险行为,"挂科门数过多, 出勤率过低, 缺勤次数过多, 选课数量过多"
S0980,刘丽,高风险,1.0,高风险行为,"挂科门数过多, 出勤率过低, 缺勤次数过多, 选课数量过多"
S0051,刘芳,高风险,1.0,高风险行为,"挂科门数过多, 缺勤次数过多, 选课数量过多"
S0979,李秀英,高风险,1.0,高风险行为,"挂科门数过多, 出勤率过低, 缺勤次数过多, 选课数量过多"
S0053,罗芳,高风险,1.0,高风险行为,"挂科门数过多, 出勤率过低, 缺勤次数过多, 选课数量过多"
S0054,胡丽,高风险,1.0,高风险行为,"挂科门数过多, 出勤率过低, 缺勤次数过多, 选课数量过多"
S0699,何伟,高风险,1.0,高风险行为,"挂科门数过多, 出勤率过低, 缺勤次数过多, 选课数量过多"
S0705,周伟,高风险,1.0,高风险行为,"挂科门数过多, 出勤率过低, 缺勤次数过多, 选课数量过多"
S0941,周明,高风险,1.0,高风险行为,"挂科门数过多, 出勤率过低, 缺勤次数过多, 选课数量过多"
S0938,吴静,高风险,1.0,高风险行为,"挂科门数过多, 出勤率过低, 缺勤次数过多, 选课数量过多"
S0897,何勇,高风险,1.0,高风险行为,"挂科门数过多, 出勤率过低, 缺勤次数过多, 选课数量过多"
S0898,黄超,高风险,1.0,高风险行为,"挂科门数过多, 出勤率过低, 缺勤次数过多, 选课数量过多"
S0245,朱芳,高风险,1.0,高风险行为,"挂科门数过多, 出勤率过低, 缺勤次数过多, 选课数量过多"
S0244,陈丽,高风险,1.0,高风险行为,"挂科门数过多, 出勤率过低, 缺勤次数过多, 选课数量过多"
S0243,王娜,高风险,1.0,高风险行为,"挂科门数过多, 出勤率过低, 缺勤次数过多, 选课数量过多"
S0242,黄涛,高风险,1.0,高风险行为,"挂科门数过多, 出勤率过低, 缺勤次数过多, 选课数量过多"
S0241,林强,高风险,1.0,高风险行为,"挂科门数过多, 出勤率过低, 缺勤次数过多, 选课数量过多"
S0899,朱强,高风险,1.0,高风险行为,"挂科门数过多, 出勤率过低, 缺勤次数过多, 选课数量过多"
S0652,朱磊,高风险,1.0,高风险行为,"挂科门数过多, 出勤率过低, 缺勤次数过多, 选课数量过多"
S0238,林敏,高风险,1.0,高风险行为,"挂科门数过多, 出勤率过低, 缺勤次数过多, 选课数量过多"
S0237,何明,高风险,1.0,高风险行为,"挂科门数过多, 出勤率过低, 缺勤次数过多, 选课数量过多"
S0653,徐娜,高风险,1.0,高风险行为,"挂科门数过多, 出勤率过低, 缺勤次数过多, 选课数量过多"
S0235,陈霞,高风险,1.0,高风险行为,"挂科门数过多, 出勤率过低, 缺勤次数过多, 选课数量过多"
S0654,胡磊,高风险,1.0,高风险行为,"挂科门数过多, 出勤率过低, 缺勤次数过多, 选课数量过多"
S0651,朱杰,高风险,1.0,高风险行为,"挂科门数过多, 平均成绩过低, 出勤率过低, 缺勤次数过多"
S0714,高强,高风险,1.0,高风险行为,"挂科门数过多, 出勤率过低, 缺勤次数过多, 选课数量过多"
S0231,孙磊,高风险,1.0,高风险行为,"挂科门数过多, 出勤率过低, 缺勤次数过多, 选课数量过多"
S0906,何静,高风险,1.0,高风险行为,"挂科门数过多, 出勤率过低, 缺勤次数过多, 选课数量过多"
S0228,何静,高风险,1.0,高风险行为,"挂科门数过多, 出勤率过低, 缺勤次数过多, 选课数量过多"
S0227,何敏,高风险,1.0,高风险行为,"挂科门数过多, 出勤率过低, 缺勤次数过多, 选课数量过多"
S0658,孙明,高风险,1.0,高风险行为,"挂科门数过多, 出勤率过低, 缺勤次数过多, 选课数量过多"
S0909,李超,高风险,1.0,高风险行为,"挂科门数过多, 出勤率过低, 缺勤次数过多, 选课数量过多"
S0910,何磊,高风险,1.0,高风险行为,"挂科门数过多, 出勤率过低, 缺勤次数过多, 选课数量过多"
S0222,郭静,高风险,1.0,高风险行为,"挂科门数过多, 出勤率过低, 缺勤次数过多, 选课数量过多"
S0911,赵强,高风险,1.0,高风险行为,"挂科门数过多, 出勤率过低, 缺勤次数过多, 选课数量过多"
S0220,李娜,高风险,1.0,高风险行为,"挂科门数过多, 出勤率过低, 缺勤次数过多, 选课数量过多"
S0219,马秀英,高风险,1.0,高风险行为,"挂科门数过多, 出勤率过低, 缺勤次数过多, 选课数量过多"
S0912,马娟,高风险,1.0,高风险行为,"挂科门数过多, 出勤率过低, 缺勤次数过多, 选课数量过多"
S0148,高超,高风险,1.0,高风险行为,"挂科门数过多, 出勤率过低, 缺勤次数过多, 选课数量过多"
S0661,马明,高风险,1.0,高风险行为,"挂科门数过多, 出勤率过低, 缺勤次数过多, 选课数量过多"
S0656,高秀英,高风险,1.0,高风险行为,"挂科门数过多, 出勤率过低, 缺勤次数过多, 选课数量过多"
S0249,王丽,高风险,1.0,高风险行为,"挂科门数过多, 出勤率过低, 缺勤次数过多, 选课数量过多"
S0650,郭勇,高风险,1.0,高风险行为,"挂科门数过多, 出勤率过低, 缺勤次数过多, 选课数量过多"
S0251,杨强,高风险,1.0,高风险行为,"挂科门数过多, 出勤率过低, 缺勤次数过多, 选课数量过多"
S0283,徐洋,高风险,1.0,高风险行为,"挂科门数过多, 出勤率过低, 缺勤次数过多, 选课数量过多"
S0282,张勇,高风险,1.0,高风险行为,"挂科门数过多, 出勤率过低, 缺勤次数过多, 选课数量过多"
S0883,马洋,高风险,1.0,高风险行为,"挂科门数过多, 出勤率过低, 缺勤次数过多, 选课数量过多"
S0280,王洋,高风险,1.0,高风险行为,"挂科门数过多, 出勤率过低, 缺勤次数过多, 选课数量过多"
S0884,李洋,高风险,1.0,高风险行为,"挂科门数过多, 出勤率过低, 缺勤次数过多, 选课数量过多"
S0278,李芳,高风险,1.0,高风险行为,"挂科门数过多, 出勤率过低, 缺勤次数过多, 选课数量过多"
S0277,刘伟,高风险,1.0,高风险行为,"挂科门数过多, 出勤率过低, 缺勤次数过多, 选课数量过多"
S0276,王娟,高风险,1.0,高风险行为,"挂科门数过多, 出勤率过低, 缺勤次数过多, 选课数量过多"
S0275,罗艳,高风险,1.0,高风险行为,"挂科门数过多, 出勤率过低, 缺勤次数过多"
S0274,孙娜,高风险,1.0,高风险行为,"挂科门数过多, 出勤率过低, 缺勤次数过多, 选课数量过多"
S0273,张秀英,高风险,1.0,高风险行为,"挂科门数过多, 出勤率过低, 缺勤次数过多"
S0272,黄洋,高风险,1.0,高风险行为,"挂科门数过多, 出勤率过低, 缺勤次数过多, 选课数量过多"
S0270,赵明,高风险,1.0,高风险行为,"挂科门数过多, 出勤率过低, 缺勤次数过多, 选课数量过多"
S0886,郭涛,高风险,1.0,高风险行为,"挂科门数过多, 缺勤次数过多, 选课数量过多"
S0716,刘杰,高风险,1.0,高风险行为,"挂科门数过多, 出勤率过低, 缺勤次数过多, 选课数量过多"
S0267,王芳,高风险,1.0,高风险行为,"挂科门数过多, 出勤率过低, 缺勤次数过多, 选课数量过多"
S0266,黄敏,高风险,1.0,高风险行为,"挂科门数过多, 缺勤次数过多, 选课数量过多"
S0894,赵静,高风险,1.0,高风险行为,"挂科门数过多, 出勤率过低, 缺勤次数过多, 选课数量过多"
S0649,张伟,高风险,1.0,高风险行为,"挂科门数过多, 出勤率过低, 缺勤次数过多, 选课数量过多"
S0892,李洋,高风险,1.0,高风险行为,"挂科门数过多, 出勤率过低, 缺勤次数过多, 选课数量过多"
S0715,李洋,高风险,1.0,高风险行为,"挂科门数过多, 出勤率过低, 缺勤次数过多, 选课数量过多"
S0647,周平,高风险,1.0,高风险行为,"挂科门数过多, 出勤率过低, 缺勤次数过多, 选课数量过多"
S0889,赵勇,高风险,1.0,高风险行为,"挂科门数过多, 出勤率过低, 缺勤次数过多, 选课数量过多"
S0215,杨丽,高风险,1.0,高风险行为,"挂科门数过多, 出勤率过低, 缺勤次数过多, 选课数量过多"
S0258,王霞,高风险,1.0,高风险行为,"挂科门数过多, 出勤率过低, 缺勤次数过多, 选课数量过多"
S0260,胡军,高风险,1.0,高风险行为,"挂科门数过多, 出勤率过低, 缺勤次数过多, 选课数量过多"
S0646,刘超,高风险,1.0,高风险行为,"挂科门数过多, 出勤率过低, 缺勤次数过多, 选课数量过多"
S0262,张磊,高风险,1.0,高风险行为,"挂科门数过多, 出勤率过低, 缺勤次数过多"
S0263,陈娟,高风险,1.0,高风险行为,"挂科门数过多, 出勤率过低, 缺勤次数过多, 选课数量过多"
S0264,周伟,高风险,1.0,高风险行为,"挂科门数过多, 出勤率过低, 缺勤次数过多, 选课数量过多"
S0265,郭秀英,高风险,1.0,高风险行为,"挂科门数过多, 出勤率过低, 缺勤次数过多, 选课数量过多"
S0259,李秀英,高风险,1.0,高风险行为,"挂科门数过多, 出勤率过低, 缺勤次数过多, 选课数量过多"
S0214,罗霞,高风险,1.0,高风险行为,"挂科门数过多, 平均成绩过低, 出勤率过低, 缺勤次数过多"
S0660,黄娟,高风险,1.0,高风险行为,"挂科门数过多, 出勤率过低, 缺勤次数过多, 选课数量过多"
S0577,高霞,高风险,1.0,高风险行为,"挂科门数过多, 出勤率过低, 缺勤次数过多, 选课数量过多"
S0187,何丽,高风险,1.0,高风险行为,"挂科门数过多, 出勤率过低, 缺勤次数过多, 选课数量过多"
S0186,杨娟,高风险,1.0,高风险行为,"挂科门数过多, 出勤率过低, 缺勤次数过多, 选课数量过多"
S0185,郭静,高风险,1.0,高风险行为,"挂科门数过多, 出勤率过低, 缺勤次数过多, 选课数量过多"
S0665,马伟,高风险,1.0,高风险行为,"挂科门数过多, 出勤率过低, 缺勤次数过多, 选课数量过多"
S0183,林秀英,高风险,1.0,高风险行为,"挂科门数过多, 出勤率过低, 缺勤次数过多, 选课数量过多"
S0709,周勇,高风险,1.0,高风险行为,"挂科门数过多, 出勤率过低, 缺勤次数过多, 选课数量过多"
S0213,吴明,高风险,1.0,高风险行为,"挂科门数过多, 出勤率过低, 缺勤次数过多"
S0158,赵超,高风险,1.0,高风险行为,"挂科门数过多, 出勤率过低, 缺勤次数过多, 选课数量过多"
S0928,何明,高风险,1.0,高风险行为,"挂科门数过多, 出勤率过低, 缺勤次数过多, 选课数量过多"
S0180,陈伟,高风险,1.0,高风险行为,"挂科门数过多, 出勤率过低, 缺勤次数过多, 选课数量过多"
S0179,王明,高风险,1.0,高风险行为,"挂科门数过多, 出勤率过低, 缺勤次数过多, 选课数量过多"
S0178,郭芳,高风险,1.0,高风险行为,"挂科门数过多, 出勤率过低, 缺勤次数过多, 选课数量过多"
S0177,陈磊,高风险,1.0,高风险行为,"挂科门数过多, 出勤率过低, 缺勤次数过多, 选课数量过多"
S0157,高杰,高风险,1.0,高风险行为,"挂科门数过多, 出勤率过低, 缺勤次数过多, 选课数量过多"
S0929,徐霞,高风险,1.0,高风险行为,"挂科门数过多, 出勤率过低, 缺勤次数过多, 选课数量过多"
S0174,孙伟,高风险,1.0,高风险行为,"挂科门数过多, 出勤率过低, 缺勤次数过多, 选课数量过多"
S0173,徐艳,高风险,1.0,高风险行为,"挂科门数过多, 出勤率过低, 缺勤次数过多, 选课数量过多"
S0930,孙洋,高风险,1.0,中等风险行为,"挂科门数过多, 缺勤次数过多"
S0171,孙霞,高风险,1.0,高风险行为,"挂科门数过多, 出勤率过低, 缺勤次数过多"
S0935,吴超,高风险,1.0,高风险行为,"挂科门数过多, 出勤率过低, 缺勤次数过多, 选课数量过多"
S0169,郭娜,高风险,1.0,高风险行为,"挂科门数过多, 出勤率过低, 缺勤次数过多, 选课数量过多"
S0168,赵芳,高风险,1.0,高风险行为,"挂科门数过多, 出勤率过低, 缺勤次数过多, 选课数量过多"
S0668,马磊,高风险,1.0,高风险行为,"挂科门数过多, 出勤率过低, 缺勤次数过多, 选课数量过多"
S0707,周伟,高风险,1.0,高风险行为,"挂科门数过多, 出勤率过低, 缺勤次数过多, 选课数量过多"
S0670,张杰,高风险,1.0,高风险行为,"挂科门数过多, 出勤率过低, 缺勤次数过多, 选课数量过多"
S0160,马娟,高风险,1.0,高风险行为,"挂科门数过多, 出勤率过低, 缺勤次数过多, 选课数量过多"
S0164,王明,高风险,1.0,高风险行为,"挂科门数过多, 出勤率过低, 缺勤次数过多, 选课数量过多"
S0163,罗秀英,高风险,1.0,高风险行为,"挂科门数过多, 出勤率过低, 缺勤次数过多, 选课数量过多"
S0175,周伟,高风险,1.0,高风险行为,"挂科门数过多, 出勤率过低, 缺勤次数过多, 选课数量过多"
S0161,徐强,高风险,1.0,高风险行为,"挂科门数过多, 出勤率过低, 缺勤次数过多, 选课数量过多"
S0925,罗霞,高风险,1.0,高风险行为,"挂科门数过多, 出勤率过低, 缺勤次数过多, 选课数量过多"
S0153,马强,高风险,1.0,高风险行为,"挂科门数过多, 出勤率过低, 缺勤次数过多, 选课数量过多"
S0150,朱敏,高风险,1.0,高风险行为,"挂科门数过多, 出勤率过低, 缺勤次数过多, 选课数量过多"
S0151,李涛,高风险,1.0,高风险行为,"挂科门数过多, 出勤率过低, 缺勤次数过多, 选课数量过多"
S0212,高敏,高风险,1.0,高风险行为,"挂科门数过多, 出勤率过低, 缺勤次数过多, 选课数量过多"
S0152,周伟,高风险,1.0,高风险行为,"挂科门数过多, 出勤率过低, 缺勤次数过多, 选课数量过多"
S0915,罗明,高风险,1.0,高风险行为,"挂科门数过多, 出勤率过低, 缺勤次数过多, 选课数量过多"
S0210,刘静,高风险,1.0,高风险行为,"挂科门数过多, 平均成绩过低, 出勤率过低, 缺勤次数过多, 选课数量过多"
S0916,杨磊,高风险,1.0,高风险行为,"挂科门数过多, 出勤率过低, 缺勤次数过多, 选课数量过多"
S0208,徐磊,高风险,1.0,高风险行为,"挂科门数过多, 出勤率过低, 缺勤次数过多, 选课数量过多"
S0207,吴超,高风险,1.0,高风险行为,"挂科门数过多, 出勤率过低, 缺勤次数过多, 选课数量过多"
S0206,胡丽,高风险,1.0,高风险行为,"挂科门数过多, 出勤率过低, 缺勤次数过多, 选课数量过多"
S0205,孙杰,高风险,1.0,高风险行为,"挂科门数过多, 出勤率过低, 缺勤次数过多, 选课数量过多"
S0918,杨洋,高风险,1.0,高风险行为,"挂科门数过多, 出勤率过低, 缺勤次数过多, 选课数量过多"
S0189,郭娜,高风险,1.0,高风险行为,"挂科门数过多, 出勤率过低, 缺勤次数过多, 选课数量过多"
S0202,杨明,高风险,1.0,高风险行为,"挂科门数过多, 出勤率过低, 缺勤次数过多"
S0162,周勇,高风险,1.0,高风险行为,"挂科门数过多, 出勤率过低, 缺勤次数过多, 选课数量过多"
S0919,吴秀英,高风险,1.0,高风险行为,"挂科门数过多, 出勤率过低, 缺勤次数过多, 选课数量过多"
S0190,何伟,高风险,1.0,高风险行为,"挂科门数过多, 出勤率过低, 缺勤次数过多, 选课数量过多"
S0936,吴勇,高风险,1.0,高风险行为,"挂科门数过多, 出勤率过低, 缺勤次数过多, 选课数量过多"
S0663,林芳,高风险,1.0,高风险行为,"挂科门数过多, 出勤率过低, 缺勤次数过多, 选课数量过多"
S0193,高强,高风险,1.0,高风险行为,"挂科门数过多, 出勤率过低, 缺勤次数过多, 选课数量过多"
S0194,王洋,高风险,1.0,高风险行为,"挂科门数过多, 出勤率过低, 缺勤次数过多, 选课数量过多"
S0201,孙娟,高风险,1.0,高风险行为,"挂科门数过多, 出勤率过低, 缺勤次数过多, 选课数量过多"
S0922,黄娜,高风险,1.0,高风险行为,"挂科门数过多, 出勤率过低, 缺勤次数过多, 选课数量过多"
S0196,吴秀英,高风险,1.0,高风险行为,"挂科门数过多, 出勤率过低, 缺勤次数过多, 选课数量过多"
S0921,郭霞,高风险,1.0,高风险行为,"挂科门数过多, 出勤率过低, 缺勤次数过多, 选课数量过多"
S0198,胡艳,高风险,1.0,高风险行为,"挂科门数过多, 出勤率过低, 缺勤次数过多, 选课数量过多"
S0920,黄强,高风险,1.0,高风险行为,"挂科门数过多, 出勤率过低, 缺勤次数过多, 选课数量过多"
S0155,吴强,高风险,1.0,高风险行为,"挂科门数过多, 出勤率过低, 缺勤次数过多, 选课数量过多"
S0706,刘敏,无风险,0.0,高风险行为,"出勤率过低, 缺勤次数过多, 选课数量过多"
S0717,赵平,无风险,0.0,高风险行为,"出勤率过低, 缺勤次数过多, 选课数量过多"
S0696,张强,无风险,0.0,高风险行为,"出勤率过低, 缺勤次数过多, 选课数量过多"
S0704,郭强,无风险,0.0,高风险行为,"出勤率过低, 缺勤次数过多, 选课数量过多"
S0738,李秀英,无风险,0.0,高风险行为,"出勤率过低, 缺勤次数过多, 选课数量过多"
S0731,高杰,无风险,0.0,低风险行为,缺勤次数过多
S0697,朱伟,无风险,0.0,高风险行为,"出勤率过低, 缺勤次数过多, 选课数量过多"
S0708,徐秀英,无风险,0.0,高风险行为,"出勤率过低, 缺勤次数过多, 选课数量过多"
S0722,胡平,无风险,0.0,中等风险行为,"出勤率过低, 缺勤次数过多"
S0700,林娟,无风险,0.0,高风险行为,"出勤率过低, 缺勤次数过多, 选课数量过多"
S0723,高敏,无风险,0.0,高风险行为,"出勤率过低, 缺勤次数过多, 选课数量过多"
S0710,徐洋,无风险,0.0,中等风险行为,"出勤率过低, 缺勤次数过多"
S0701,胡娟,无风险,0.0,高风险行为,"出勤率过低, 缺勤次数过多, 选课数量过多"
S0713,罗杰,无风险,0.0,高风险行为,"出勤率过低, 缺勤次数过多, 选课数量过多"
S0712,罗娟,无风险,0.0,高风险行为,"出勤率过低, 缺勤次数过多, 选课数量过多"
S0711,黄艳,无风险,0.0,中等风险行为,"出勤率过低, 缺勤次数过多"
S0739,陈丽,无风险,0.0,中等风险行为,"出勤率过低, 缺勤次数过多"
S0737,李静,无风险,0.0,高风险行为,"出勤率过低, 缺勤次数过多, 选课数量过多"
S0725,何艳,无风险,0.0,高风险行为,"出勤率过低, 缺勤次数过多, 选课数量过多"
S0703,马娜,无风险,0.0,高风险行为,"出勤率过低, 缺勤次数过多, 选课数量过多"
S0698,赵静,无风险,0.0,高风险行为,"出勤率过低, 缺勤次数过多, 选课数量过多"
S0001,林磊,无风险,0.0,高风险行为,"出勤率过低, 缺勤次数过多, 选课数量过多"
S0745,高丽,无风险,0.0,高风险行为,"出勤率过低, 缺勤次数过多, 选课数量过多"
S0923,高磊,无风险,0.0,中等风险行为,"出勤率过低, 缺勤次数过多"
S0917,李明,无风险,0.0,高风险行为,"出勤率过低, 缺勤次数过多, 选课数量过多"
S0914,杨涛,无风险,0.0,高风险行为,"出勤率过低, 缺勤次数过多, 选课数量过多"
S0913,陈芳,无风险,0.0,中等风险行为,"出勤率过低, 缺勤次数过多"
S0908,林平,无风险,0.0,高风险行为,"出勤率过低, 缺勤次数过多, 选课数量过多"
S0907,杨娟,无风险,0.0,高风险行为,"出勤率过低, 缺勤次数过多, 选课数量过多"
S0905,徐磊,无风险,0.0,高风险行为,"出勤率过低, 缺勤次数过多, 选课数量过多"
S0904,徐娜,无风险,0.0,高风险行为,"出勤率过低, 缺勤次数过多, 选课数量过多"
S0903,林磊,无风险,0.0,高风险行为,"出勤率过低, 缺勤次数过多, 选课数量过多"
S0902,李强,无风险,0.0,高风险行为,"出勤率过低, 缺勤次数过多, 选课数量过多"
S0901,张磊,无风险,0.0,高风险行为,"出勤率过低, 缺勤次数过多, 选课数量过多"
S0900,林艳,无风险,0.0,高风险行为,"出勤率过低, 缺勤次数过多, 选课数量过多"
S0896,吴勇,无风险,0.0,高风险行为,"出勤率过低, 缺勤次数过多, 选课数量过多"
S0895,林勇,无风险,0.0,高风险行为,"出勤率过低, 缺勤次数过多, 选课数量过多"
S0893,周静,无风险,0.0,高风险行为,"出勤率过低, 缺勤次数过多, 选课数量过多"
S0891,赵伟,无风险,0.0,高风险行为,"出勤率过低, 缺勤次数过多, 选课数量过多"
S0890,何敏,无风险,0.0,高风险行为,"出勤率过低, 缺勤次数过多, 选课数量过多"
S0888,李秀英,无风险,0.0,高风险行为,"出勤率过低, 缺勤次数过多, 选课数量过多"
S0887,赵军,无风险,0.0,高风险行为,"出勤率过低, 缺勤次数过多, 选课数量过多"
S0885,杨军,无风险,0.0,高风险行为,"出勤率过低, 缺勤次数过多, 选课数量过多"
S0880,杨强,无风险,0.0,中等风险行为,"出勤率过低, 缺勤次数过多"
S0878,周平,无风险,0.0,高风险行为,"出勤率过低, 缺勤次数过多, 选课数量过多"
S0876,高伟,无风险,0.0,高风险行为,"出勤率过低, 缺勤次数过多, 选课数量过多"
S0874,何娟,无风险,0.0,高风险行为,"出勤率过低, 缺勤次数过多, 选课数量过多"
S0873,张磊,无风险,0.0,中等风险行为,"出勤率过低, 缺勤次数过多"
S0924,赵洋,无风险,0.0,高风险行为,"出勤率过低, 缺勤次数过多, 选课数量过多"
S0872,何艳,无风险,0.0,高风险行为,"出勤率过低, 缺勤次数过多, 选课数量过多"
S0926,郭伟,无风险,0.0,高风险行为,"出勤率过低, 缺勤次数过多, 选课数量过多"
S0931,林娟,无风险,0.0,高风险行为,"出勤率过低, 缺勤次数过多, 选课数量过多"
S0997,胡霞,无风险,0.0,高风险行为,"出勤率过低, 缺勤次数过多, 选课数量过多"
S0994,何霞,无风险,0.0,高风险行为,"出勤率过低, 缺勤次数过多, 选课数量过多"
S0990,林娜,无风险,0.0,中等风险行为,"出勤率过低, 缺勤次数过多"
S0989,吴强,无风险,0.0,高风险行为,"出勤率过低, 缺勤次数过多, 选课数量过多"
S0985,罗静,无风险,0.0,高风险行为,"出勤率过低, 缺勤次数过多, 选课数量过多"
S0982,刘秀英,无风险,0.0,中等风险行为,"出勤率过低, 缺勤次数过多"
S0981,吴娟,无风险,0.0,中等风险行为,"出勤率过低, 缺勤次数过多"
S0978,周军,无风险,0.0,中等风险行为,"出勤率过低, 缺勤次数过多"
S0975,李敏,无风险,0.0,高风险行为,"出勤率过低, 缺勤次数过多, 选课数量过多"
S0966,徐伟,无风险,0.0,高风险行为,"出勤率过低, 缺勤次数过多, 选课数量过多"
S0965,黄勇,无风险,0.0,高风险行为,"出勤率过低, 缺勤次数过多, 选课数量过多"
S0963,周强,无风险,0.0,高风险行为,"出勤率过低, 缺勤次数过多, 选课数量过多"
S0960,何杰,无风险,0.0,中等风险行为,"出勤率过低, 缺勤次数过多"
S0957,黄静,无风险,0.0,中等风险行为,"出勤率过低, 缺勤次数过多"
S0956,黄军,无风险,0.0,高风险行为,"出勤率过低, 缺勤次数过多, 选课数量过多"
S0955,郭勇,无风险,0.0,高风险行为,"出勤率过低, 缺勤次数过多, 选课数量过多"
S0948,朱勇,无风险,0.0,高风险行为,"出勤率过低, 缺勤次数过多, 选课数量过多"
S0947,马艳,无风险,0.0,高风险行为,"出勤率过低, 缺勤次数过多, 选课数量过多"
S0944,杨杰,无风险,0.0,高风险行为,"出勤率过低, 缺勤次数过多, 选课数量过多"
S0942,吴娟,无风险,0.0,高风险行为,"出勤率过低, 缺勤次数过多, 选课数量过多"
S0939,黄霞,无风险,0.0,高风险行为,"出勤率过低, 缺勤次数过多, 选课数量过多"
S0937,黄涛,无风险,0.0,高风险行为,"出勤率过低, 缺勤次数过多, 选课数量过多"
S0934,张敏,无风险,0.0,中等风险行为,"出勤率过低, 缺勤次数过多"
S0933,赵洋,无风险,0.0,高风险行为,"出勤率过低, 缺勤次数过多, 选课数量过多"
S0932,杨丽,无风险,0.0,中等风险行为,"出勤率过低, 缺勤次数过多"
S0927,何军,无风险,0.0,高风险行为,"出勤率过低, 缺勤次数过多, 选课数量过多"
S0871,何芳,无风险,0.0,高风险行为,"出勤率过低, 缺勤次数过多, 选课数量过多"
S0870,林军,无风险,0.0,高风险行为,"出勤率过低, 缺勤次数过多, 选课数量过多"
S0868,陈平,无风险,0.0,高风险行为,"出勤率过低, 缺勤次数过多, 选课数量过多"
S0796,马洋,无风险,0.0,高风险行为,"出勤率过低, 缺勤次数过多, 选课数量过多"
S0795,孙军,无风险,0.0,高风险行为,"出勤率过低, 缺勤次数过多, 选课数量过多"
S0793,孙强,无风险,0.0,高风险行为,"出勤率过低, 缺勤次数过多, 选课数量过多"
S0791,罗娟,无风险,0.0,高风险行为,"出勤率过低, 缺勤次数过多, 选课数量过多"
S0790,徐磊,无风险,0.0,高风险行为,"出勤率过低, 缺勤次数过多, 选课数量过多"
S0789,何丽,无风险,0.0,高风险行为,"出勤率过低, 缺勤次数过多, 选课数量过多"
S0788,马伟,无风险,0.0,高风险行为,"出勤率过低, 缺勤次数过多, 选课数量过多"
S0786,朱勇,无风险,0.0,高风险行为,"出勤率过低, 缺勤次数过多, 选课数量过多"
S0785,吴娟,无风险,0.0,中等风险行为,"出勤率过低, 缺勤次数过多"
S0784,胡超,无风险,0.0,高风险行为,"出勤率过低, 缺勤次数过多, 选课数量过多"
S0782,郭勇,无风险,0.0,高风险行为,"出勤率过低, 缺勤次数过多, 选课数量过多"
S0781,徐芳,无风险,0.0,高风险行为,"出勤率过低, 缺勤次数过多, 选课数量过多"
S0780,何平,无风险,0.0,高风险行为,"出勤率过低, 缺勤次数过多, 选课数量过多"
S0776,林洋,无风险,0.0,高风险行为,"出勤率过低, 缺勤次数过多, 选课数量过多"
S0775,张伟,无风险,0.0,高风险行为,"出勤率过低, 缺勤次数过多, 选课数量过多"
S0773,刘勇,无风险,0.0,高风险行为,"出勤率过低, 缺勤次数过多, 选课数量过多"
S0772,陈杰,无风险,0.0,高风险行为,"出勤率过低, 缺勤次数过多, 选课数量过多"
S0765,高艳,无风险,0.0,高风险行为,"出勤率过低, 缺勤次数过多, 选课数量过多"
S0758,黄超,无风险,0.0,高风险行为,"出勤率过低, 缺勤次数过多, 选课数量过多"
S0756,王霞,无风险,0.0,高风险行为,"出勤率过低, 缺勤次数过多, 选课数量过多"
S0753,孙伟,无风险,0.0,高风险行为,"出勤率过低, 缺勤次数过多, 选课数量过多"
S0752,马明,无风险,0.0,高风险行为,"出勤率过低, 缺勤次数过多, 选课数量过多"
S0751,陈静,无风险,0.0,中等风险行为,"出勤率过低, 缺勤次数过多"
S0750,周强,无风险,0.0,高风险行为,"出勤率过低, 缺勤次数过多, 选课数量过多"
S0746,郭杰,无风险,0.0,高风险行为,"出勤率过低, 缺勤次数过多, 选课数量过多"
S0802,杨明,无风险,0.0,中等风险行为,"出勤率过低, 缺勤次数过多"
S0803,高超,无风险,0.0,高风险行为,"出勤率过低, 缺勤次数过多, 选课数量过多"
S0805,李伟,无风险,0.0,高风险行为,"出勤率过低, 缺勤次数过多, 选课数量过多"
S0806,高强,无风险,0.0,高风险行为,"出勤率过低, 缺勤次数过多, 选课数量过多"
S0863,罗伟,无风险,0.0,中等风险行为,"出勤率过低, 缺勤次数过多"
S0861,孙娟,无风险,0.0,高风险行为,"出勤率过低, 缺勤次数过多, 选课数量过多"
S0859,黄洋,无风险,0.0,高风险行为,"出勤率过低, 缺勤次数过多, 选课数量过多"
S0857,高磊,无风险,0.0,高风险行为,"出勤率过低, 缺勤次数过多, 选课数量过多"
S0855,周杰,无风险,0.0,高风险行为,"出勤率过低, 缺勤次数过多, 选课数量过多"
S0854,王磊,无风险,0.0,高风险行为,"出勤率过低, 缺勤次数过多, 选课数量过多"
S0852,朱涛,无风险,0.0,中等风险行为,"缺勤次数过多, 选课数量过多"
S0851,杨涛,无风险,0.0,高风险行为,"出勤率过低, 缺勤次数过多, 选课数量过多"
S0850,李敏,无风险,0.0,高风险行为,"出勤率过低, 缺勤次数过多, 选课数量过多"
S0848,郭磊,无风险,0.0,高风险行为,"出勤率过低, 缺勤次数过多, 选课数量过多"
S0846,高平,无风险,0.0,高风险行为,"出勤率过低, 缺勤次数过多, 选课数量过多"
S0845,吴平,无风险,0.0,高风险行为,"出勤率过低, 缺勤次数过多, 选课数量过多"
S0743,王芳,无风险,0.0,高风险行为,"出勤率过低, 缺勤次数过多, 选课数量过多"
S0844,何秀英,无风险,0.0,中等风险行为,"出勤率过低, 缺勤次数过多"
S0838,马明,无风险,0.0,高风险行为,"出勤率过低, 缺勤次数过多, 选课数量过多"
S0835,郭芳,无风险,0.0,中等风险行为,"出勤率过低, 缺勤次数过多"
S0833,吴静,无风险,0.0,高风险行为,"出勤率过低, 缺勤次数过多, 选课数量过多"
S0829,徐洋,无风险,0.0,高风险行为,"出勤率过低, 缺勤次数过多, 选课数量过多"
S0828,杨勇,无风险,0.0,高风险行为,"出勤率过低, 缺勤次数过多, 选课数量过多"
S0826,徐磊,无风险,0.0,高风险行为,"出勤率过低, 缺勤次数过多, 选课数量过多"
S0823,张秀英,无风险,0.0,高风险行为,"出勤率过低, 缺勤次数过多, 选课数量过多"
S0821,张洋,无风险,0.0,中等风险行为,"出勤率过低, 缺勤次数过多"
S0815,胡静,无风险,0.0,中等风险行为,"出勤率过低, 缺勤次数过多"
S0813,何秀英,无风险,0.0,高风险行为,"出勤率过低, 缺勤次数过多, 选课数量过多"
S0809,高敏,无风险,0.0,高风险行为,"出勤率过低, 缺勤次数过多, 选课数量过多"
S0808,杨敏,无风险,0.0,高风险行为,"出勤率过低, 缺勤次数过多, 选课数量过多"
S0839,林明,无风险,0.0,中等风险行为,"出勤率过低, 缺勤次数过多"
S0849,刘杰,无风险,0.0,中等风险行为,"出勤率过低, 缺勤次数过多"
S0500,张磊,无风险,0.0,中等风险行为,"出勤率过低, 缺勤次数过多"
S0692,陈静,无风险,0.0,中等风险行为,"出勤率过低, 缺勤次数过多"
S0234,郭磊,无风险,0.0,中等风险行为,"出勤率过低, 缺勤次数过多"
S0236,刘超,无风险,0.0,高风险行为,"出勤率过低, 缺勤次数过多, 选课数量过多"
S0239,杨静,无风险,0.0,高风险行为,"出勤率过低, 缺勤次数过多, 选课数量过多"
S0240,马勇,无风险,0.0,中等风险行为,"出勤率过低, 缺勤次数过多"
S0246,马强,无风险,0.0,高风险行为,"出勤率过低, 缺勤次数过多, 选课数量过多"
S0247,罗伟,无风险,0.0,高风险行为,"出勤率过低, 缺勤次数过多, 选课数量过多"
S0248,吴军,无风险,0.0,中等风险行为,"出勤率过低, 缺勤次数过多"
S0250,吴丽,无风险,0.0,高风险行为,"出勤率过低, 缺勤次数过多, 选课数量过多"
S0252,吴秀英,无风险,0.0,高风险行为,"出勤率过低, 缺勤次数过多, 选课数量过多"
S0253,吴平,无风险,0.0,中等风险行为,"出勤率过低, 缺勤次数过多"
S0254,马娟,无风险,0.0,中等风险行为,"出勤率过低, 缺勤次数过多"
S0255,黄艳,无风险,0.0,高风险行为,"出勤率过低, 缺勤次数过多, 选课数量过多"
S0256,黄磊,无风险,0.0,高风险行为,"出勤率过低, 缺勤次数过多, 选课数量过多"
S0257,赵超,无风险,0.0,中等风险行为,"出勤率过低, 缺勤次数过多"
S0261,胡勇,无风险,0.0,高风险行为,"出勤率过低, 缺勤次数过多, 选课数量过多"
S0233,黄超,无风险,0.0,高风险行为,"出勤率过低, 缺勤次数过多, 选课数量过多"
S0268,林丽,无风险,0.0,高风险行为,"出勤率过低, 缺勤次数过多, 选课数量过多"
S0232,林娟,无风险,0.0,中等风险行为,"出勤率过低, 缺勤次数过多"
S0229,杨军,无风险,0.0,中等风险行为,"出勤率过低, 缺勤次数过多"
S0197,朱杰,无风险,0.0,高风险行为,"出勤率过低, 缺勤次数过多, 选课数量过多"
S0199,吴洋,无风险,0.0,高风险行为,"出勤率过低, 缺勤次数过多, 选课数量过多"
S0200,朱磊,无风险,0.0,高风险行为,"出勤率过低, 缺勤次数过多, 选课数量过多"
S0203,李娟,无风险,0.0,高风险行为,"出勤率过低, 缺勤次数过多, 选课数量过多"
S0204,李敏,无风险,0.0,中等风险行为,"出勤率过低, 缺勤次数过多"
S0209,黄涛,无风险,0.0,高风险行为,"出勤率过低, 缺勤次数过多, 选课数量过多"
S0211,罗敏,无风险,0.0,高风险行为,"出勤率过低, 缺勤次数过多, 选课数量过多"
S0216,刘芳,无风险,0.0,低风险行为,缺勤次数过多
S0217,朱勇,无风险,0.0,低风险行为,缺勤次数过多
S0218,赵秀英,无风险,0.0,高风险行为,"出勤率过低, 缺勤次数过多, 选课数量过多"
S0221,高娟,无风险,0.0,高风险行为,"出勤率过低, 缺勤次数过多, 选课数量过多"
S0223,刘霞,无风险,0.0,高风险行为,"出勤率过低, 缺勤次数过多, 选课数量过多"
S0224,郭静,无风险,0.0,高风险行为,"出勤率过低, 缺勤次数过多, 选课数量过多"
S0225,林杰,无风险,0.0,高风险行为,"出勤率过低, 缺勤次数过多, 选课数量过多"
S0226,赵敏,无风险,0.0,高风险行为,"出勤率过低, 缺勤次数过多, 选课数量过多"
S0230,李强,无风险,0.0,高风险行为,"出勤率过低, 缺勤次数过多, 选课数量过多"
S0195,徐勇,无风险,0.0,高风险行为,"出勤率过低, 缺勤次数过多, 选课数量过多"
S0269,李霞,无风险,0.0,高风险行为,"出勤率过低, 缺勤次数过多, 选课数量过多"
S0279,张伟,无风险,0.0,高风险行为,"出勤率过低, 缺勤次数过多, 选课数量过多"
S0320,黄杰,无风险,0.0,高风险行为,"出勤率过低, 缺勤次数过多, 选课数量过多"
S0321,孙明,无风险,0.0,高风险行为,"出勤率过低, 缺勤次数过多, 选课数量过多"
S0322,林芳,无风险,0.0,高风险行为,"出勤率过低, 缺勤次数过多, 选课数量过多"
S0323,周平,无风险,0.0,中等风险行为,"出勤率过低, 缺勤次数过多"
S0325,王强,无风险,0.0,高风险行为,"出勤率过低, 缺勤次数过多, 选课数量过多"
S0330,黄敏,无风险,0.0,高风险行为,"出勤率过低, 缺勤次数过多, 选课数量过多"
S0331,陈涛,无风险,0.0,高风险行为,"出勤率过低, 缺勤次数过多, 选课数量过多"
S0332,杨芳,无风险,0.0,高风险行为,"出勤率过低, 缺勤次数过多, 选课数量过多"
S0335,林勇,无风险,0.0,高风险行为,"出勤率过低, 缺勤次数过多, 选课数量过多"
S0336,赵超,无风险,0.0,高风险行为,"出勤率过低, 缺勤次数过多, 选课数量过多"
S0339,徐霞,无风险,0.0,中等风险行为,"出勤率过低, 缺勤次数过多"
S0340,王平,无风险,0.0,中等风险行为,"出勤率过低, 缺勤次数过多"
S0342,李霞,无风险,0.0,高风险行为,"出勤率过低, 缺勤次数过多, 选课数量过多"
S0344,何娟,无风险,0.0,高风险行为,"出勤率过低, 缺勤次数过多, 选课数量过多"
S0345,王艳,无风险,0.0,高风险行为,"出勤率过低, 缺勤次数过多, 选课数量过多"
S0319,杨丽,无风险,0.0,高风险行为,"出勤率过低, 缺勤次数过多, 选课数量过多"
S0271,朱艳,无风险,0.0,高风险行为,"出勤率过低, 缺勤次数过多, 选课数量过多"
S0318,罗军,无风险,0.0,高风险行为,"出勤率过低, 缺勤次数过多, 选课数量过多"
S0313,马勇,无风险,0.0,高风险行为,"出勤率过低, 缺勤次数过多, 选课数量过多"
S0281,孙平,无风险,0.0,高风险行为,"出勤率过低, 缺勤次数过多, 选课数量过多"
S0284,王娟,无风险,0.0,高风险行为,"出勤率过低, 缺勤次数过多, 选课数量过多"
S0287,周平,无风险,0.0,高风险行为,"出勤率过低, 缺勤次数过多, 选课数量过多"
S0288,黄静,无风险,0.0,高风险行为,"出勤率过低, 缺勤次数过多, 选课数量过多"
S0289,罗艳,无风险,0.0,高风险行为,"出勤率过低, 缺勤次数过多, 选课数量过多"
S0291,李伟,无风险,0.0,高风险行为,"出勤率过低, 缺勤次数过多, 选课数量过多"
S0292,黄丽,无风险,0.0,高风险行为,"出勤率过低, 缺勤次数过多, 选课数量过多"
S0293,陈娟,无风险,0.0,高风险行为,"出勤率过低, 缺勤次数过多, 选课数量过多"
S0295,高磊,无风险,0.0,高风险行为,"出勤率过低, 缺勤次数过多, 选课数量过多"
S0300,朱超,无风险,0.0,中等风险行为,"出勤率过低, 缺勤次数过多"
S0303,张丽,无风险,0.0,高风险行为,"出勤率过低, 缺勤次数过多, 选课数量过多"
S0308,徐平,无风险,0.0,中等风险行为,"出勤率过低, 缺勤次数过多"
S0309,林平,无风险,0.0,高风险行为,"出勤率过低, 缺勤次数过多, 选课数量过多"
S0310,陈静,无风险,0.0,中等风险行为,"出勤率过低, 缺勤次数过多"
S0311,王丽,无风险,0.0,中等风险行为,"出勤率过低, 缺勤次数过多"
S0315,周敏,无风险,0.0,高风险行为,"出勤率过低, 缺勤次数过多, 选课数量过多"
S0192,林洋,无风险,0.0,高风险行为,"出勤率过低, 缺勤次数过多, 选课数量过多"
S0191,高芳,无风险,0.0,高风险行为,"出勤率过低, 缺勤次数过多, 选课数量过多"
S0188,赵霞,无风险,0.0,高风险行为,"出勤率过低, 缺勤次数过多, 选课数量过多"
S0052,何静,无风险,0.0,高风险行为,"出勤率过低, 缺勤次数过多, 选课数量过多"
S0058,孙芳,无风险,0.0,高风险行为,"出勤率过低, 缺勤次数过多, 选课数量过多"
S0063,孙娜,无风险,0.0,高风险行为,"出勤率过低, 缺勤次数过多, 选课数量过多"
S0068,徐军,无风险,0.0,高风险行为,"出勤率过低, 缺勤次数过多, 选课数量过多"
S0070,周强,无风险,0.0,高风险行为,"出勤率过低, 缺勤次数过多, 选课数量过多"
S0071,张勇,无风险,0.0,中等风险行为,"出勤率过低, 缺勤次数过多"
S0073,李平,无风险,0.0,高风险行为,"出勤率过低, 缺勤次数过多, 选课数量过多"
S0074,王敏,无风险,0.0,高风险行为,"出勤率过低, 缺勤次数过多, 选课数量过多"
S0076,李军,无风险,0.0,高风险行为,"出勤率过低, 缺勤次数过多, 选课数量过多"
S0077,高敏,无风险,0.0,中等风险行为,"出勤率过低, 缺勤次数过多"
S0084,胡敏,无风险,0.0,高风险行为,"出勤率过低, 缺勤次数过多, 选课数量过多"
S0086,徐芳,无风险,0.0,高风险行为,"出勤率过低, 缺勤次数过多, 选课数量过多"
S0087,陈洋,无风险,0.0,中等风险行为,"出勤率过低, 缺勤次数过多"
S0090,罗明,无风险,0.0,高风险行为,"出勤率过低, 缺勤次数过多, 选课数量过多"
S0092,朱艳,无风险,0.0,高风险行为,"出勤率过低, 缺勤次数过多, 选课数量过多"
S0050,王强,无风险,0.0,高风险行为,"出勤率过低, 缺勤次数过多, 选课数量过多"
S0095,朱洋,无风险,0.0,高风险行为,"出勤率过低, 缺勤次数过多, 选课数量过多"
S0048,胡霞,无风险,0.0,高风险行为,"出勤率过低, 缺勤次数过多, 选课数量过多"
S0045,陈芳,无风险,0.0,高风险行为,"出勤率过低, 缺勤次数过多, 选课数量过多"
S0004,高军,无风险,0.0,高风险行为,"出勤率过低, 缺勤次数过多, 选课数量过多"
S0005,黄强,无风险,0.0,高风险行为,"出勤率过低, 缺勤次数过多, 选课数量过多"
S0006,刘洋,无风险,0.0,高风险行为,"出勤率过低, 缺勤次数过多, 选课数量过多"
S0011,徐勇,无风险,0.0,高风险行为,"出勤率过低, 缺勤次数过多, 选课数量过多"
S0012,黄涛,无风险,0.0,高风险行为,"出勤率过低, 缺勤次数过多, 选课数量过多"
S0018,张伟,无风险,0.0,中等风险行为,"出勤率过低, 缺勤次数过多"
S0020,王伟,无风险,0.0,高风险行为,"出勤率过低, 缺勤次数过多, 选课数量过多"
S0021,张娜,无风险,0.0,高风险行为,"出勤率过低, 缺勤次数过多, 选课数量过多"
S0022,王敏,无风险,0.0,高风险行为,"出勤率过低, 缺勤次数过多, 选课数量过多"
S0031,吴洋,无风险,0.0,高风险行为,"出勤率过低, 缺勤次数过多, 选课数量过多"
S0032,高敏,无风险,0.0,高风险行为,"出勤率过低, 缺勤次数过多, 选课数量过多"
S0034,周洋,无风险,0.0,低风险行为,缺勤次数过多
S0037,徐超,无风险,0.0,中等风险行为,"出勤率过低, 缺勤次数过多"
S0041,马秀英,无风险,0.0,高风险行为,"出勤率过低, 缺勤次数过多, 选课数量过多"
S0043,朱军,无风险,0.0,中等风险行为,"出勤率过低, 缺勤次数过多"
S0047,杨涛,无风险,0.0,高风险行为,"出勤率过低, 缺勤次数过多, 选课数量过多"
S0096,何平,无风险,0.0,中等风险行为,"出勤率过低, 缺勤次数过多"
S0097,张杰,无风险,0.0,高风险行为,"出勤率过低, 缺勤次数过多, 选课数量过多"
S0098,胡霞,无风险,0.0,高风险行为,"出勤率过低, 缺勤次数过多, 选课数量过多"
S0146,罗静,无风险,0.0,高风险行为,"出勤率过低, 缺勤次数过多, 选课数量过多"
S0147,周勇,无风险,0.0,高风险行为,"出勤率过低, 缺勤次数过多, 选课数量过多"
S0149,何娟,无风险,0.0,高风险行为,"出勤率过低, 缺勤次数过多, 选课数量过多"
S0154,赵磊,无风险,0.0,高风险行为,"出勤率过低, 缺勤次数过多, 选课数量过多"
S0156,王涛,无风险,0.0,高风险行为,"出勤率过低, 缺勤次数过多, 选课数量过多"
S0159,陈强,无风险,0.0,中等风险行为,"出勤率过低, 缺勤次数过多"
S0165,郭平,无风险,0.0,高风险行为,"出勤率过低, 缺勤次数过多, 选课数量过多"
S0166,黄洋,无风险,0.0,高风险行为,"出勤率过低, 缺勤次数过多, 选课数量过多"
S0167,徐强,无风险,0.0,高风险行为,"出勤率过低, 缺勤次数过多, 选课数量过多"
S0170,孙磊,无风险,0.0,高风险行为,"出勤率过低, 缺勤次数过多, 选课数量过多"
S0172,李静,无风险,0.0,高风险行为,"出勤率过低, 缺勤次数过多, 选课数量过多"
S0176,赵娟,无风险,0.0,高风险行为,"出勤率过低, 缺勤次数过多, 选课数量过多"
S0181,马娜,无风险,0.0,高风险行为,"出勤率过低, 缺勤次数过多, 选课数量过多"
S0182,何艳,无风险,0.0,中等风险行为,"出勤率过低, 缺勤次数过多"
S0184,李艳,无风险,0.0,高风险行为,"出勤率过低, 缺勤次数过多, 选课数量过多"
S0142,罗静,无风险,0.0,高风险行为,"出勤率过低, 缺勤次数过多, 选课数量过多"
S0141,高伟,无风险,0.0,高风险行为,"出勤率过低, 缺勤次数过多, 选课数量过多"
S0139,张洋,无风险,0.0,高风险行为,"出勤率过低, 缺勤次数过多, 选课数量过多"
S0138,朱磊,无风险,0.0,高风险行为,"出勤率过低, 缺勤次数过多, 选课数量过多"
S0107,胡秀英,无风险,0.0,中等风险行为,"出勤率过低, 缺勤次数过多"
S0110,刘丽,无风险,0.0,高风险行为,"出勤率过低, 缺勤次数过多, 选课数量过多"
S0113,刘敏,无风险,0.0,高风险行为,"出勤率过低, 缺勤次数过多, 选课数量过多"
S0114,朱伟,无风险,0.0,高风险行为,"出勤率过低, 缺勤次数过多, 选课数量过多"
S0115,吴涛,无风险,0.0,中等风险行为,"出勤率过低, 缺勤次数过多"
S0119,孙敏,无风险,0.0,高风险行为,"出勤率过低, 缺勤次数过多, 选课数量过多"
S0120,马秀英,无风险,0.0,高风险行为,"出勤率过低, 缺勤次数过多, 选课数量过多"
S0347,王霞,无风险,0.0,高风险行为,"出勤率过低, 缺勤次数过多, 选课数量过多"
S0121,黄超,无风险,0.0,高风险行为,"出勤率过低, 缺勤次数过多, 选课数量过多"
S0124,吴涛,无风险,0.0,高风险行为,"出勤率过低, 缺勤次数过多, 选课数量过多"
S0126,朱艳,无风险,0.0,高风险行为,"出勤率过低, 缺勤次数过多, 选课数量过多"
S0129,郭杰,无风险,0.0,高风险行为,"出勤率过低, 缺勤次数过多, 选课数量过多"
S0130,胡涛,无风险,0.0,高风险行为,"出勤率过低, 缺勤次数过多, 选课数量过多"
S0131,林秀英,无风险,0.0,高风险行为,"出勤率过低, 缺勤次数过多, 选课数量过多"
S0135,胡平,无风险,0.0,中等风险行为,"出勤率过低, 缺勤次数过多"
S0136,徐秀英,无风险,0.0,高风险行为,"出勤率过低, 缺勤次数过多, 选课数量过多"
S0123,郭磊,无风险,0.0,高风险行为,"出勤率过低, 缺勤次数过多, 选课数量过多"
S0695,王杰,无风险,0.0,中等风险行为,"出勤率过低, 缺勤次数过多"
S0349,王洋,无风险,0.0,高风险行为,"出勤率过低, 缺勤次数过多, 选课数量过多"
S0359,李涛,无风险,0.0,高风险行为,"出勤率过低, 缺勤次数过多, 选课数量过多"
S0562,杨秀英,无风险,0.0,高风险行为,"出勤率过低, 缺勤次数过多, 选课数量过多"
S0564,周伟,无风险,0.0,高风险行为,"出勤率过低, 缺勤次数过多, 选课数量过多"
S0570,刘明,无风险,0.0,高风险行为,"出勤率过低, 缺勤次数过多, 选课数量过多"
S0571,杨军,无风险,0.0,高风险行为,"出勤率过低, 缺勤次数过多, 选课数量过多"
S0572,黄明,无风险,0.0,高风险行为,"出勤率过低, 缺勤次数过多, 选课数量过多"
S0573,陈超,无风险,0.0,高风险行为,"出勤率过低, 缺勤次数过多, 选课数量过多"
S0574,罗杰,无风险,0.0,中等风险行为,"出勤率过低, 缺勤次数过多"
S0583,何静,无风险,0.0,高风险行为,"出勤率过低, 缺勤次数过多, 选课数量过多"
S0586,马芳,无风险,0.0,高风险行为,"出勤率过低, 缺勤次数过多, 选课数量过多"
S0591,高伟,无风险,0.0,高风险行为,"出勤率过低, 缺勤次数过多, 选课数量过多"
S0592,吴艳,无风险,0.0,高风险行为,"出勤率过低, 缺勤次数过多, 选课数量过多"
S0593,周娜,无风险,0.0,高风险行为,"出勤率过低, 缺勤次数过多, 选课数量过多"
S0594,孙敏,无风险,0.0,高风险行为,"出勤率过低, 缺勤次数过多, 选课数量过多"
S0595,李勇,无风险,0.0,高风险行为,"出勤率过低, 缺勤次数过多, 选课数量过多"
S0597,李娟,无风险,0.0,高风险行为,"出勤率过低, 缺勤次数过多, 选课数量过多"
S0561,刘超,无风险,0.0,高风险行为,"出勤率过低, 缺勤次数过多, 选课数量过多"
S0600,林伟,无风险,0.0,高风险行为,"出勤率过低, 缺勤次数过多, 选课数量过多"
S0560,郭强,无风险,0.0,高风险行为,"出勤率过低, 缺勤次数过多, 选课数量过多"
S0557,何磊,无风险,0.0,高风险行为,"出勤率过低, 缺勤次数过多, 选课数量过多"
S0526,杨秀英,无风险,0.0,中等风险行为,"出勤率过低, 缺勤次数过多"
S0528,黄娟,无风险,0.0,高风险行为,"出勤率过低, 缺勤次数过多, 选课数量过多"
S0531,郭强,无风险,0.0,高风险行为,"出勤率过低, 缺勤次数过多, 选课数量过多"
S0532,张杰,无风险,0.0,高风险行为,"出勤率过低, 缺勤次数过多, 选课数量过多"
S0533,陈强,无风险,0.0,高风险行为,"出勤率过低, 缺勤次数过多, 选课数量过多"
S0537,马敏,无风险,0.0,中等风险行为,"出勤率过低, 缺勤次数过多"
S0540,郭敏,无风险,0.0,低风险行为,缺勤次数过多
S0541,李平,无风险,0.0,高风险行为,"出勤率过低, 缺勤次数过多, 选课数量过多"
S0543,吴霞,无风险,0.0,高风险行为,"出勤率过低, 缺勤次数过多, 选课数量过多"
S0544,林艳,无风险,0.0,高风险行为,"出勤率过低, 缺勤次数过多, 选课数量过多"
S0545,李霞,无风险,0.0,高风险行为,"出勤率过低, 缺勤次数过多, 选课数量过多"
S0548,罗超,无风险,0.0,高风险行为,"出勤率过低, 缺勤次数过多, 选课数量过多"
S0551,徐洋,无风险,0.0,高风险行为,"出勤率过低, 缺勤次数过多, 选课数量过多"
S0552,朱娟,无风险,0.0,中等风险行为,"出勤率过低, 缺勤次数过多"
S0556,黄秀英,无风险,0.0,高风险行为,"出勤率过低, 缺勤次数过多, 选课数量过多"
S0558,王勇,无风险,0.0,高风险行为,"出勤率过低, 缺勤次数过多, 选课数量过多"
S0525,王伟,无风险,0.0,高风险行为,"出勤率过低, 缺勤次数过多, 选课数量过多"
S0605,徐强,无风险,0.0,中等风险行为,"出勤率过低, 缺勤次数过多"
S0608,杨涛,无风险,0.0,高风险行为,"出勤率过低, 缺勤次数过多, 选课数量过多"
S0662,黄芳,无风险,0.0,中等风险行为,"出勤率过低, 缺勤次数过多"
S0664,赵芳,无风险,0.0,高风险行为,"出勤率过低, 缺勤次数过多, 选课数量过多"
S0666,朱丽,无风险,0.0,高风险行为,"出勤率过低, 缺勤次数过多, 选课数量过多"
S0667,郭涛,无风险,0.0,高风险行为,"出勤率过低, 缺勤次数过多, 选课数量过多"
S0669,陈平,无风险,0.0,高风险行为,"出勤率过低, 缺勤次数过多, 选课数量过多"
S0671,何洋,无风险,0.0,中等风险行为,"缺勤次数过多, 选课数量过多"
S0672,王军,无风险,0.0,高风险行为,"出勤率过低, 缺勤次数过多, 选课数量过多"
S0674,郭伟,无风险,0.0,高风险行为,"出勤率过低, 缺勤次数过多, 选课数量过多"
S0675,罗艳,无风险,0.0,高风险行为,"出勤率过低, 缺勤次数过多, 选课数量过多"
S0683,胡芳,无风险,0.0,高风险行为,"出勤率过低, 缺勤次数过多, 选课数量过多"
S0685,马敏,无风险,0.0,高风险行为,"出勤率过低, 缺勤次数过多, 选课数量过多"
S0686,胡杰,无风险,0.0,高风险行为,"出勤率过低, 缺勤次数过多, 选课数量过多"
S0687,胡超,无风险,0.0,高风险行为,"出勤率过低, 缺勤次数过多, 选课数量过多"
S0688,王丽,无风险,0.0,中等风险行为,"出勤率过低, 缺勤次数过多"
S0690,胡涛,无风险,0.0,高风险行为,"出勤率过低, 缺勤次数过多, 选课数量过多"
S0659,何军,无风险,0.0,中等风险行为,"出勤率过低, 缺勤次数过多"
S0607,马洋,无风险,0.0,中等风险行为,"出勤率过低, 缺勤次数过多"
S0657,罗强,无风险,0.0,中等风险行为,"出勤率过低, 缺勤次数过多"
S0648,刘强,无风险,0.0,高风险行为,"出勤率过低, 缺勤次数过多, 选课数量过多"
S0609,徐秀英,无风险,0.0,高风险行为,"出勤率过低, 缺勤次数过多, 选课数量过多"
S0617,何敏,无风险,0.0,高风险行为,"出勤率过低, 缺勤次数过多, 选课数量过多"
S0618,林娟,无风险,0.0,高风险行为,"出勤率过低, 缺勤次数过多, 选课数量过多"
S0619,陈涛,无风险,0.0,高风险行为,"出勤率过低, 缺勤次数过多, 选课数量过多"
S0622,杨洋,无风险,0.0,高风险行为,"出勤率过低, 缺勤次数过多, 选课数量过多"
S0624,朱杰,无风险,0.0,高风险行为,"出勤率过低, 缺勤次数过多, 选课数量过多"
S0625,李静,无风险,0.0,高风险行为,"出勤率过低, 缺勤次数过多, 选课数量过多"
S0631,林勇,无风险,0.0,高风险行为,"出勤率过低, 缺勤次数过多, 选课数量过多"
S0633,黄勇,无风险,0.0,高风险行为,"出勤率过低, 缺勤次数过多, 选课数量过多"
S0635,杨静,无风险,0.0,高风险行为,"出勤率过低, 缺勤次数过多, 选课数量过多"
S0640,李霞,无风险,0.0,高风险行为,"出勤率过低, 缺勤次数过多, 选课数量过多"
S0641,赵静,无风险,0.0,高风险行为,"出勤率过低, 缺勤次数过多, 选课数量过多"
S0642,孙娟,无风险,0.0,高风险行为,"出勤率过低, 缺勤次数过多, 选课数量过多"
S0644,朱涛,无风险,0.0,高风险行为,"出勤率过低, 缺勤次数过多, 选课数量过多"
S0645,赵磊,无风险,0.0,高风险行为,"出勤率过低, 缺勤次数过多, 选课数量过多"
S0655,孙丽,无风险,0.0,中等风险行为,"出勤率过低, 缺勤次数过多"
S0521,周磊,无风险,0.0,中等风险行为,"出勤率过低, 缺勤次数过多"
S0519,黄芳,无风险,0.0,高风险行为,"出勤率过低, 缺勤次数过多, 选课数量过多"
S0517,马静,无风险,0.0,高风险行为,"出勤率过低, 缺勤次数过多, 选课数量过多"
S0413,赵丽,无风险,0.0,高风险行为,"出勤率过低, 缺勤次数过多, 选课数量过多"
S0414,周敏,无风险,0.0,高风险行为,"出勤率过低, 缺勤次数过多, 选课数量过多"
S0415,王涛,无风险,0.0,高风险行为,"出勤率过低, 缺勤次数过多, 选课数量过多"
S0416,马磊,无风险,0.0,高风险行为,"出勤率过低, 缺勤次数过多, 选课数量过多"
S0417,张杰,无风险,0.0,中等风险行为,"出勤率过低, 缺勤次数过多"
S0418,周洋,无风险,0.0,高风险行为,"出勤率过低, 缺勤次数过多, 选课数量过多"
S0419,何平,无风险,0.0,高风险行为,"出勤率过低, 缺勤次数过多, 选课数量过多"
S0420,陈磊,无风险,0.0,高风险行为,"出勤率过低, 缺勤次数过多, 选课数量过多"
S0421,杨涛,无风险,0.0,高风险行为,"出勤率过低, 缺勤次数过多, 选课数量过多"
S0426,陈涛,无风险,0.0,高风险行为,"出勤率过低, 缺勤次数过多, 选课数量过多"
S0427,吴明,无风险,0.0,高风险行为,"出勤率过低, 缺勤次数过多, 选课数量过多"
S0428,李涛,无风险,0.0,高风险行为,"出勤率过低, 缺勤次数过多, 选课数量过多"
S0430,黄勇,无风险,0.0,高风险行为,"出勤率过低, 缺勤次数过多, 选课数量过多"
S0431,刘敏,无风险,0.0,高风险行为,"出勤率过低, 缺勤次数过多, 选课数量过多"
S0432,郭娟,无风险,0.0,高风险行为,"出勤率过低, 缺勤次数过多, 选课数量过多"
S0411,张强,无风险,0.0,中等风险行为,"出勤率过低, 缺勤次数过多"
S0434,赵强,无风险,0.0,高风险行为,"出勤率过低, 缺勤次数过多, 选课数量过多"
S0406,张军,无风险,0.0,高风险行为,"出勤率过低, 缺勤次数过多, 选课数量过多"
S0400,马秀英,无风险,0.0,高风险行为,"出勤率过低, 缺勤次数过多, 选课数量过多"
S0361,胡超,无风险,0.0,高风险行为,"出勤率过低, 缺勤次数过多, 选课数量过多"
S0362,高伟,无风险,0.0,高风险行为,"出勤率过低, 缺勤次数过多, 选课数量过多"
S0365,吴艳,无风险,0.0,高风险行为,"出勤率过低, 缺勤次数过多, 选课数量过多"
S0368,张丽,无风险,0.0,高风险行为,"出勤率过低, 缺勤次数过多, 选课数量过多"
S0373,朱伟,无风险,0.0,中等风险行为,"出勤率过低, 缺勤次数过多"
S0375,孙军,无风险,0.0,高风险行为,"出勤率过低, 缺勤次数过多, 选课数量过多"
S0376,周超,无风险,0.0,高风险行为,"出勤率过低, 缺勤次数过多, 选课数量过多"
S0377,孙丽,无风险,0.0,高风险行为,"出勤率过低, 缺勤次数过多, 选课数量过多"
S0384,杨洋,无风险,0.0,高风险行为,"出勤率过低, 缺勤次数过多, 选课数量过多"
S0385,马娜,无风险,0.0,高风险行为,"出勤率过低, 缺勤次数过多, 选课数量过多"
S0387,杨娜,无风险,0.0,高风险行为,"出勤率过低, 缺勤次数过多, 选课数量过多"
S0392,朱洋,无风险,0.0,高风险行为,"出勤率过低, 缺勤次数过多, 选课数量过多"
S0393,朱娜,无风险,0.0,高风险行为,"出勤率过低, 缺勤次数过多, 选课数量过多"
S0397,吴超,无风险,0.0,高风险行为,"出勤率过低, 缺勤次数过多, 选课数量过多"
S0398,孙芳,无风险,0.0,高风险行为,"出勤率过低, 缺勤次数过多, 选课数量过多"
S0405,吴秀英,无风险,0.0,高风险行为,"出勤率过低, 缺勤次数过多, 选课数量过多"
S0437,黄霞,无风险,0.0,高风险行为,"出勤率过低, 缺勤次数过多, 选课数量过多"
S0439,吴明,无风险,0.0,高风险行为,"出勤率过低, 缺勤次数过多, 选课数量过多"
S0442,赵强,无风险,0.0,高风险行为,"出勤率过低, 缺勤次数过多, 选课数量过多"
S0478,高杰,无风险,0.0,高风险行为,"出勤率过低, 缺勤次数过多, 选课数量过多"
S0483,孙娜,无风险,0.0,高风险行为,"出勤率过低, 缺勤次数过多, 选课数量过多"
S0486,赵娜,无风险,0.0,高风险行为,"出勤率过低, 缺勤次数过多, 选课数量过多"
S0487,李强,无风险,0.0,中等风险行为,"出勤率过低, 缺勤次数过多"
S0489,郭超,无风险,0.0,高风险行为,"出勤率过低, 缺勤次数过多, 选课数量过多"
S0494,王洋,无风险,0.0,高风险行为,"出勤率过低, 缺勤次数过多, 选课数量过多"
S0496,吴磊,无风险,0.0,高风险行为,"出勤率过低, 缺勤次数过多, 选课数量过多"
S0999,孙敏,无风险,0.0,高风险行为,"出勤率过低, 缺勤次数过多, 选课数量过多"
S0502,罗磊,无风险,0.0,高风险行为,"出勤率过低, 缺勤次数过多, 选课数量过多"
S0504,徐洋,无风险,0.0,中等风险行为,"出勤率过低, 缺勤次数过多"
S0506,黄平,无风险,0.0,高风险行为,"出勤率过低, 缺勤次数过多, 选课数量过多"
S0507,黄秀英,无风险,0.0,高风险行为,"出勤率过低, 缺勤次数过多, 选课数量过多"
S0508,何明,无风险,0.0,高风险行为,"出勤率过低, 缺勤次数过多, 选课数量过多"
S0509,陈霞,无风险,0.0,高风险行为,"出勤率过低, 缺勤次数过多, 选课数量过多"
S0512,胡娟,无风险,0.0,高风险行为,"出勤率过低, 缺勤次数过多, 选课数量过多"
S0477,刘磊,无风险,0.0,高风险行为,"出勤率过低, 缺勤次数过多, 选课数量过多"
S0476,胡强,无风险,0.0,高风险行为,"出勤率过低, 缺勤次数过多, 选课数量过多"
S0474,高芳,无风险,0.0,高风险行为,"出勤率过低, 缺勤次数过多, 选课数量过多"
S0470,李娜,无风险,0.0,高风险行为,"出勤率过低, 缺勤次数过多, 选课数量过多"
S0444,陈敏,无风险,0.0,高风险行为,"出勤率过低, 缺勤次数过多, 选课数量过多"
S0445,胡芳,无风险,0.0,高风险行为,"出勤率过低, 缺勤次数过多, 选课数量过多"
S0446,吴勇,无风险,0.0,高风险行为,"出勤率过低, 缺勤次数过多, 选课数量过多"
S0448,罗磊,无风险,0.0,高风险行为,"出勤率过低, 缺勤次数过多, 选课数量过多"
S0451,陈勇,无风险,0.0,高风险行为,"出勤率过低, 缺勤次数过多, 选课数量过多"
S0452,高超,无风险,0.0,高风险行为,"出勤率过低, 缺勤次数过多, 选课数量过多"
S0455,王娜,无风险,0.0,高风险行为,"出勤率过低, 缺勤次数过多, 选课数量过多"
S0358,朱军,无风险,0.0,高风险行为,"出勤率过低, 缺勤次数过多, 选课数量过多"
S0456,马平,无风险,0.0,高风险行为,"出勤率过低, 缺勤次数过多, 选课数量过多"
S0458,林娜,无风险,0.0,高风险行为,"出勤率过低, 缺勤次数过多, 选课数量过多"
S0459,王磊,无风险,0.0,中等风险行为,"出勤率过低, 缺勤次数过多"
S0460,刘霞,无风险,0.0,中等风险行为,"出勤率过低, 缺勤次数过多"
S0462,罗强,无风险,0.0,高风险行为,"出勤率过低, 缺勤次数过多, 选课数量过多"
S0464,李丽,无风险,0.0,高风险行为,"出勤率过低, 缺勤次数过多, 选课数量过多"
S0466,朱洋,无风险,0.0,中等风险行为,"出勤率过低, 缺勤次数过多"
S0469,陈艳,无风险,0.0,中等风险行为,"出勤率过低, 缺勤次数过多"
S0457,吴超,无风险,0.0,中等风险行为,"出勤率过低, 缺勤次数过多"
S1000,赵敏,无风险,0.0,高风险行为,"出勤率过低, 缺勤次数过多, 选课数量过多"
